building,tag,type,section,material,lvl,phase,orient,cad_id,node_i,node_j,length_m,trib_area_m2,wG_kN_m,wQ_kN_m,G_N_i,G_N_j,G_Vy_i,G_Vy_j,G_Vz_i,G_Vz_j,G_T_i,G_T_j,G_My_i,G_My_j,G_Mz_i,G_Mz_j,Q_N_i,Q_N_j,Q_Vy_i,Q_Vy_j,Q_Vz_i,Q_Vz_j,Q_T_i,Q_T_j,Q_My_i,Q_My_j,Q_Mz_i,Q_Mz_j,EX_N_i,EX_N_j,EX_Vy_i,EX_Vy_j,EX_Vz_i,EX_Vz_j,EX_T_i,EX_T_j,EX_My_i,EX_My_j,EX_Mz_i,EX_Mz_j,EY_N_i,EY_N_j,EY_Vy_i,EY_Vy_j,EY_Vz_i,EY_Vz_j,EY_T_i,EY_T_j,EY_My_i,EY_My_j,EY_Mz_i,EY_Mz_j,COMBO_N_i,COMBO_N_j,COMBO_Vy_i,COMBO_Vy_j,COMBO_Vz_i,COMBO_Vz_j,COMBO_T_i,COMBO_T_j,COMBO_My_i,COMBO_My_j,COMBO_Mz_i,COMBO_Mz_j,COMBO_P_kN,COMBO_M_kNm,COMBO_Mcap_kNm,COMBO_DC
ED1,100001,column,P-70x70,H30,Subterraneo,1,Z,COL-E-3-Subterraneo,100000,100100,3.96,0.0,0.0,0.0,-464.09,464.09,-11.71,11.71,0.0,-0.0,-15.9,15.9,-31.34,31.34,-23.12,23.12,-270.27,270.27,-6.56,6.56,0.0,-0.0,-8.97,8.97,-17.59,17.59,-13.03,13.03,465.01,-465.01,31.75,-31.75,-0.99,0.99,1177.97,-1177.97,324.34,-324.34,10.32,-10.32,980.52,-980.52,1493.83,-1493.83,-4.42,4.42,-46.58,46.58,-16.01,16.01,472.93,-472.93,419.54,-419.54,1130.68,-1130.68,-4.21,4.21,1000.37,-1000.37,230.97,-230.97,327.83,-327.83,-419.54,401.02,382.65,1.048
ED1,100002,column,P-70x70,H30,Subterraneo,1,Z,COL-E-2-Subterraneo,100010,100110,3.96,0.0,0.0,0.0,-1013.86,1013.86,-5.87,5.87,0.0,-0.0,-32.24,32.24,-64.01,64.01,-11.44,11.44,-590.66,590.66,-3.26,3.26,0.0,-0.0,-18.15,18.15,-35.95,35.95,-6.44,6.44,584.64,-584.64,35.13,-35.13,-0.99,0.99,1234.71,-1234.71,421.62,-421.62,17.08,-17.08,-302.75,302.75,1664.73,-1664.73,-4.42,4.42,-3.26,3.26,-1.3,1.3,814.73,-814.73,-1305.41,1305.41,1271.04,-1271.04,-4.21,4.21,1058.39,-1058.39,278.52,-278.52,608.55,-608.55,1305.41,669.26,717.48,0.933
ED1,100003,column,P-70x70,H30,Subterraneo,1,Z,COL-E-1-Subterraneo,100020,100120,3.96,0.0,0.0,0.0,-568.93,568.93,16.93,-16.93,0.0,-0.0,-19.24,19.24,-37.98,37.98,34.16,-34.16,-331.35,331.35,9.55,-9.55,0.0,-0.0,-10.84,10.84,-21.32,21.32,19.18,-19.18,435.3,-435.3,30.49,-30.49,-0.99,0.99,1198.52,-1198.52,329.38,-329.38,7.8,-7.8,-677.92,677.92,1457.34,-1457.34,-4.42,4.42,50.06,-50.06,17.05,-17.05,399.96,-399.96,-1016.96,1016.96,1146.93,-1146.93,-4.21,4.21,1086.13,-1086.13,249.92,-249.92,360.33,-360.33,1016.96,438.52,672.34,0.652
ED1,100004,column,P-70x70,H30,Subterraneo,1,Z,COL-F-3-Subterraneo,100001,100101,3.96,0.0,0.0,0.0,-930.14,930.14,-21.79,21.79,0.0,-0.0,0.38,-0.38,1.23,-1.23,-43.31,43.31,-541.94,541.94,-12.24,12.24,0.0,-0.0,0.17,-0.17,0.68,-0.68,-24.41,24.41,-9.72,9.72,18.78,-18.78,-0.99,0.99,1303.31,-1303.31,575.01,-575.01,6.7,-6.7,1175.83,-1175.83,1482.02,-1482.02,-4.42,4.42,-51.23,51.23,-25.3,25.3,548.51,-548.51,-598.96,598.96,1094.38,-1094.38,-4.21,4.21,1135.11,-1135.11,500.44,-500.44,349.69,-349.69,598.96,610.51,606.93,1.006
ED1,100005,column,P-70x70,H30,Subterraneo,1,Z,COL-F-2-Subterraneo,100011,100111,3.96,0.0,0.0,0.0,-2011.03,2011.03,-10.56,10.56,0.0,-0.0,0.72,-0.72,1.92,-1.92,-20.84,20.84,-1171.75,1171.75,-5.9,5.9,0.0,-0.0,0.34,-0.34,1.03,-1.03,-11.72,11.72,-46.85,46.85,21.42,-21.42,-0.99,0.99,1391.71,-1391.71,735.63,-735.63,11.97,-11.97,-307.66,307.66,1684.57,-1684.57,-4.42,4.42,-3.61,3.61,-2.0,2.0,953.62,-953.62,-3455.68,3455.68,1266.25,-1266.25,-4.21,4.21,1250.89,-1250.89,663.51,-663.51,693.43,-693.43,3455.68,959.73,1053.96,0.911
ED1,100006,column,P-70x70,H30,Subterraneo,1,Z,COL-F-1-Subterraneo,100021,100121,3.96,0.0,0.0,0.0,-1134.5,1134.5,32.26,-32.26,0.0,-0.0,0.41,-0.41,1.31,-1.31,64.79,-64.79,-660.97,660.97,18.16,-18.16,0.0,-0.0,0.18,-0.18,0.72,-0.72,36.4,-36.4,-36.4,36.4,18.46,-18.46,-0.99,0.99,1325.89,-1325.89,584.12,-584.12,6.06,-6.06,-868.01,868.01,1451.67,-1451.67,-4.42,4.42,55.03,-55.03,27.0,-27.0,487.8,-487.8,-2479.23,2479.23,1155.79,-1155.79,-4.21,4.21,1235.16,-1235.16,547.99,-547.99,472.5,-472.5,2479.23,723.57,901.16,0.803
ED1,100007,column,P-70x70,H30,Subterraneo,1,Z,COL-G-3-Subterraneo,100002,100102,3.96,0.0,0.0,0.0,-927.25,927.25,-22.49,22.49,0.0,-0.0,0.02,-0.02,0.5,-0.5,-44.72,44.72,-540.12,540.12,-12.63,12.63,0.0,-0.0,-0.03,0.03,0.29,-0.29,-25.19,25.19,3.92,-3.92,5.08,-5.08,-0.99,0.99,1297.51,-1297.51,563.4,-563.4,1.63,-1.63,928.91,-928.91,1370.99,-1370.99,-4.42,4.42,-51.23,51.23,-25.3,25.3,425.66,-425.66,-767.16,767.16,997.71,-997.71,-4.21,4.21,1129.33,-1129.33,488.87,-488.87,250.8,-250.8,767.16,549.45,633.25,0.868
ED1,100008,column,P-70x70,H30,Subterraneo,1,Z,COL-G-2-Subterraneo,100012,100112,3.96,0.0,0.0,0.0,-2019.83,2019.83,-11.03,11.03,0.0,-0.0,-0.05,0.05,0.37,-0.37,-21.82,21.82,-1176.79,1176.79,-6.17,6.17,0.0,-0.0,-0.07,0.07,0.2,-0.2,-12.27,12.27,0.06,-0.06,5.67,-5.67,-0.99,0.99,1382.64,-1382.64,717.48,-717.48,2.8,-2.8,-281.36,281.36,1529.12,-1529.12,-4.42,4.42,-3.57,3.57,-1.92,1.92,741.92,-741.92,-3407.58,3407.58,1134.74,-1134.74,-4.21,4.21,1241.57,-1241.57,644.87,-644.87,524.87,-524.87,3407.58,831.47,1046.43,0.795
ED1,100009,column,P-70x70,H30,Subterraneo,1,Z,COL-G-1-Subterraneo,100022,100122,3.96,0.0,0.0,0.0,-1132.19,1132.19,33.54,-33.54,0.0,-0.0,-0.02,0.02,0.46,-0.46,67.32,-67.32,-659.51,659.51,18.87,-18.87,0.0,-0.0,-0.05,0.05,0.27,-0.27,37.81,-37.81,-1.75,1.75,4.96,-4.96,-0.99,0.99,1320.02,-1320.02,572.39,-572.39,1.38,-1.38,-647.63,647.63,1337.26,-1337.26,-4.42,4.42,55.0,-55.0,26.94,-26.94,358.2,-358.2,-2278.99,2278.99,1059.82,-1059.82,-4.21,4.21,1229.21,-1229.21,536.08,-536.08,375.02,-375.02,2278.99,654.23,869.83,0.752
ED1,100010,column,P-70x70,H30,Subterraneo,1,Z,COL-H-3-Subterraneo,100003,100103,3.96,0.0,0.0,0.0,-928.84,928.84,-22.36,22.36,0.0,-0.0,-0.27,0.27,-0.07,0.07,-44.5,44.5,-541.11,541.11,-12.56,12.56,0.0,-0.0,-0.19,0.19,-0.03,0.03,-25.06,25.06,-12.06,12.06,-8.01,8.01,-0.99,0.99,1294.1,-1294.1,556.59,-556.59,-2.25,2.25,894.1,-894.1,1309.03,-1309.03,-4.42,4.42,-50.88,50.88,-24.61,24.61,400.93,-400.93,-810.22,810.22,939.64,-939.64,-4.21,4.21,1126.08,-1126.08,482.37,-482.37,229.11,-229.11,810.22,534.02,639.99,0.834
ED1,100011,column,P-70x70,H30,Subterraneo,1,Z,COL-H-2-Subterraneo,100013,100113,3.96,0.0,0.0,0.0,-2023.05,2023.05,-10.96,10.96,0.0,-0.0,-0.67,0.67,-0.87,0.87,-21.7,21.7,-1178.76,1178.76,-6.13,6.13,0.0,-0.0,-0.41,0.41,-0.47,0.47,-12.21,12.21,-1.83,1.83,-8.97,8.97,-0.99,0.99,1379.2,-1379.2,710.6,-710.6,-4.16,4.16,-271.27,271.27,1460.01,-1460.01,-4.42,4.42,-3.58,3.58,-1.94,1.94,702.88,-702.88,-3406.91,3406.91,1069.84,-1069.84,-4.21,4.21,1237.51,-1237.51,636.74,-636.74,489.51,-489.51,3406.91,803.15,1046.33,0.768
ED1,100012,column,P-70x70,H30,Subterraneo,1,Z,COL-H-1-Subterraneo,100023,100123,3.96,0.0,0.0,0.0,-1133.83,1133.83,33.39,-33.39,0.0,-0.0,-0.35,0.35,-0.21,0.21,67.0,-67.0,-660.53,660.53,18.79,-18.79,0.0,-0.0,-0.23,0.23,-0.1,0.1,37.63,-37.63,-2.41,2.41,-7.82,7.82,-0.99,0.99,1316.55,-1316.55,565.44,-565.44,-1.86,1.86,-622.83,622.83,1276.55,-1276.55,-4.42,4.42,54.66,-54.66,26.26,-26.26,335.96,-335.96,-2263.65,2263.65,1002.55,-1002.55,-4.21,4.21,1225.3,-1225.3,528.27,-528.27,354.93,-354.93,2263.65,636.43,867.43,0.734
ED1,100013,column,P-70x70,H30,Subterraneo,1,Z,COL-I-3-Subterraneo,100004,100104,3.96,0.0,0.0,0.0,-678.8,678.8,-16.55,16.55,0.0,-0.0,10.93,-10.93,22.31,-22.31,-32.9,32.9,-395.34,395.34,-9.29,9.29,0.0,-0.0,6.12,-6.12,12.58,-12.58,-18.53,18.53,965.52,-965.52,-21.03,21.03,-0.99,0.99,1387.52,-1387.52,743.42,-743.42,-5.96,5.96,828.22,-828.22,1248.03,-1248.03,-4.42,4.42,-54.23,54.23,-31.31,31.31,378.14,-378.14,415.99,-415.99,891.26,-891.26,-4.21,4.21,1225.13,-1225.13,680.49,-680.49,226.82,-226.82,-415.99,717.3,383.76,1.869
ED1,100014,column,P-70x70,H30,Subterraneo,1,Z,COL-I-2-Subterraneo,100014,100114,3.96,0.0,0.0,0.0,-1468.55,1468.55,-8.16,8.16,0.0,-0.0,22.13,-22.13,44.73,-44.73,-16.11,16.11,-855.23,855.23,-4.55,4.55,0.0,-0.0,12.44,-12.44,25.24,-25.24,-9.06,9.06,1037.08,-1037.08,-23.55,23.55,-0.99,0.99,1460.38,-1460.38,872.96,-872.96,-11.0,11.0,-263.4,263.4,1392.55,-1392.55,-4.42,4.42,-3.78,3.78,-2.33,2.33,667.18,-667.18,-1587.96,1587.96,1010.51,-1010.51,-4.21,4.21,1346.08,-1346.08,853.88,-853.88,465.31,-465.31,1587.96,972.43,761.69,1.277
ED1,100015,column,P-70x70,H30,Subterraneo,1,Z,COL-I-1-Subterraneo,100024,100124,3.96,0.0,0.0,0.0,-829.01,829.01,24.55,-24.55,0.0,-0.0,13.19,-13.19,26.87,-26.87,49.31,-49.31,-482.81,482.81,13.82,-13.82,0.0,-0.0,7.39,-7.39,15.15,-15.15,27.68,-27.68,1009.23,-1009.23,-20.63,20.63,-0.99,0.99,1411.7,-1411.7,755.73,-755.73,-5.15,5.15,-564.44,564.44,1216.95,-1216.95,-4.42,4.42,58.28,-58.28,33.49,-33.49,315.96,-315.96,-826.84,826.84,932.52,-932.52,-4.21,4.21,1334.82,-1334.82,747.3,-747.3,309.33,-309.33,826.84,808.79,642.59,1.259
ED1,100016,column,P-70x70,H30,Subterraneo,1,Z,COL-I'-3-Subterraneo,100005,100105,3.96,0.0,0.0,0.0,-242.38,242.38,-6.36,6.36,0.0,-0.0,4.21,-4.21,8.88,-8.88,-12.53,12.53,-141.19,141.19,-3.55,3.55,0.0,-0.0,2.35,-2.35,5.05,-5.05,-7.07,7.07,-1412.88,1412.88,-28.2,28.2,-0.99,0.99,1277.49,-1277.49,523.36,-523.36,-9.14,9.14,890.46,-890.46,1216.65,-1216.65,-4.42,4.42,-50.37,50.37,-23.6,23.6,364.97,-364.97,-987.32,987.32,877.2,-877.2,-4.21,4.21,1118.52,-1118.52,467.26,-467.26,245.91,-245.91,987.32,528.02,667.7,0.791
ED1,100017,column,P-70x70,H30,Subterraneo,1,Z,COL-I'-2-Subterraneo,100015,100115,3.96,0.0,0.0,0.0,-544.87,544.87,-3.23,3.23,0.0,-0.0,8.85,-8.85,18.18,-18.18,-6.27,6.27,-317.79,317.79,-1.78,1.78,0.0,-0.0,5.0,-5.0,10.35,-10.35,-3.53,3.53,-1572.2,1572.2,-31.16,31.16,-0.99,0.99,1320.68,-1320.68,593.58,-593.58,-15.06,15.06,-252.8,252.8,1358.07,-1358.07,-4.42,4.42,-3.44,3.44,-1.67,1.67,647.81,-647.81,-2467.25,2467.25,985.49,-985.49,-4.21,4.21,1199.89,-1199.89,561.5,-561.5,462.5,-462.5,2467.25,727.45,899.29,0.809
ED1,100018,column,P-70x70,H30,Subterraneo,1,Z,COL-I'-1-Subterraneo,100025,100125,3.96,0.0,0.0,0.0,-300.41,300.41,8.97,-8.97,0.0,-0.0,5.04,-5.04,10.58,-10.58,18.12,-18.12,-175.05,175.05,5.07,-5.07,0.0,-0.0,2.83,-2.83,6.02,-6.02,10.17,-10.17,-1404.67,1404.67,-26.93,26.93,-0.99,0.99,1299.88,-1299.88,532.11,-532.11,-6.61,6.61,-637.97,637.97,1186.23,-1186.23,-4.42,4.42,54.12,-54.12,25.17,-25.17,304.13,-304.13,-2218.13,2218.13,879.47,-879.47,-4.21,4.21,1218.36,-1218.36,514.38,-514.38,250.45,-250.45,2218.13,572.11,860.3,0.665
ED1,100019,column,P-70x70,H30,Piso1,1,Z,COL-E-3-Piso1,100100,100200,3.96,0.0,0.0,0.0,-370.27,370.27,-31.77,31.77,-0.0,0.0,-45.45,45.45,-40.51,40.51,-31.43,31.43,-217.65,217.65,-17.82,17.82,-0.0,0.0,-25.55,25.55,-22.69,22.69,-17.66,17.66,323.56,-323.56,16.37,-16.37,-1.51,1.51,373.4,-373.4,441.8,-441.8,17.01,-17.01,685.53,-685.53,657.44,-657.44,-5.71,5.71,-12.31,12.31,-16.73,16.73,701.49,-701.49,217.44,-217.44,458.23,-458.23,-5.64,5.64,255.83,-255.83,321.87,-321.87,492.33,-492.33,-217.44,588.21,445.54,1.32
ED1,100020,column,P-70x70,H30,Piso1,1,Z,COL-E-2-Piso1,100110,100210,3.96,0.0,0.0,0.0,-802.54,802.54,-14.75,14.75,-0.0,0.0,-92.24,92.24,-85.16,85.16,-14.92,14.92,-472.24,472.24,-8.2,8.2,-0.0,0.0,-51.85,51.85,-47.78,47.78,-8.33,8.33,404.91,-404.91,25.72,-25.72,-1.51,1.51,508.82,-508.82,566.5,-566.5,25.55,-25.55,-207.89,207.89,1132.44,-1132.44,-5.71,5.71,-1.03,1.03,-1.35,1.35,1138.8,-1138.8,-1066.28,1066.28,849.53,-849.53,-5.64,5.64,313.08,-313.08,375.91,-375.91,853.85,-853.85,1066.28,932.94,680.06,1.372
ED1,100021,column,P-70x70,H30,Piso1,1,Z,COL-E-1-Piso1,100120,100220,3.96,0.0,0.0,0.0,-453.23,453.23,49.03,-49.03,-0.0,0.0,-54.69,54.69,-49.17,49.17,44.24,-44.24,-266.47,266.47,27.57,-27.57,-0.0,0.0,-30.73,30.73,-27.53,27.53,24.79,-24.79,302.33,-302.33,12.47,-12.47,-1.51,1.51,381.92,-381.92,450.79,-450.79,12.99,-12.99,-477.74,477.74,557.68,-557.68,-5.71,5.71,13.28,-13.28,18.01,-18.01,611.41,-611.41,-805.9,805.9,506.08,-506.08,-5.64,5.64,268.27,-268.27,342.52,-342.52,539.28,-539.28,805.9,638.86,639.31,0.999
ED1,100022,column,P-70x70,H30,Piso1,1,Z,COL-F-3-Piso1,100101,100201,3.96,0.0,0.0,0.0,-740.72,740.72,-61.72,61.72,-0.0,0.0,-1.1,1.1,-0.66,0.66,-60.97,60.97,-435.72,435.72,-34.73,34.73,-0.0,0.0,-0.75,0.75,-0.49,0.49,-34.36,34.36,-4.67,4.67,10.19,-10.19,-1.51,1.51,717.16,-717.16,753.31,-753.31,10.4,-10.4,821.77,-821.77,776.85,-776.85,-5.71,5.71,-24.96,24.96,-28.1,28.1,806.4,-806.4,-564.32,564.32,495.36,-495.36,-5.64,5.64,624.87,-624.87,655.75,-655.75,518.82,-518.82,564.32,836.17,601.51,1.39
ED1,100023,column,P-70x70,H30,Piso1,1,Z,COL-F-2-Piso1,100111,100211,3.96,0.0,0.0,0.0,-1582.5,1582.5,-28.46,28.46,-0.0,0.0,-1.23,1.23,-2.02,2.02,-28.16,28.16,-931.79,931.79,-15.92,15.92,-0.0,0.0,-0.91,0.91,-1.37,1.37,-15.78,15.78,-28.6,28.6,17.66,-17.66,-1.51,1.51,944.14,-944.14,966.11,-966.11,17.41,-17.41,-210.23,210.23,1345.34,-1345.34,-5.71,5.71,-1.93,1.93,-2.11,2.11,1335.73,-1335.73,-2697.7,2697.7,980.51,-980.51,-5.64,5.64,846.14,-846.14,864.53,-864.53,973.52,-973.52,2697.7,1301.98,935.35,1.392
ED1,100024,column,P-70x70,H30,Piso1,1,Z,COL-F-1-Piso1,100121,100221,3.96,0.0,0.0,0.0,-900.96,900.96,92.89,-92.89,-0.0,0.0,-1.03,1.03,-0.78,0.78,86.09,-86.09,-530.06,530.06,52.22,-52.22,-0.0,0.0,-0.72,0.72,-0.57,0.57,48.32,-48.32,-23.35,23.35,9.37,-9.37,-1.51,1.51,731.43,-731.43,767.69,-767.69,9.71,-9.71,-611.41,611.41,693.97,-693.97,-5.71,5.71,26.8,-26.8,30.12,-30.12,731.71,-731.71,-1910.59,1910.59,674.02,-674.02,-5.64,5.64,676.65,-676.65,712.16,-712.16,691.93,-691.93,1910.59,992.94,812.18,1.223
ED1,100025,column,P-70x70,H30,Piso1,1,Z,COL-G-3-Piso1,100102,100202,3.96,0.0,0.0,0.0,-738.33,738.33,-62.98,62.98,-0.0,0.0,-1.35,1.35,-0.07,0.07,-61.28,61.28,-434.18,434.18,-35.39,35.39,-0.0,0.0,-0.84,0.84,-0.08,0.08,-34.47,34.47,2.16,-2.16,2.24,-2.24,-1.51,1.51,702.96,-702.96,742.34,-742.34,2.41,-2.41,651.33,-651.33,616.87,-616.87,-5.71,5.71,-25.22,25.22,-28.63,28.63,650.18,-650.18,-682.07,682.07,366.3,-366.3,-5.64,5.64,611.56,-611.56,646.48,-646.48,394.05,-394.05,682.07,757.11,619.93,1.221
ED1,100026,column,P-70x70,H30,Piso1,1,Z,COL-G-2-Piso1,100112,100212,3.96,0.0,0.0,0.0,-1593.96,1593.96,-29.75,29.75,-0.0,0.0,-1.59,1.59,-0.43,0.43,-29.18,29.18,-938.24,938.24,-16.65,16.65,-0.0,0.0,-0.99,0.99,-0.3,0.3,-16.35,16.35,-1.08,1.08,3.87,-3.87,-1.51,1.51,921.45,-921.45,947.97,-947.97,3.91,-3.91,-193.94,193.94,1057.8,-1057.8,-5.71,5.71,-1.81,1.81,-1.98,1.98,1057.66,-1057.66,-2678.63,2678.63,750.43,-750.43,-5.64,5.64,825.37,-825.37,850.96,-850.96,751.22,-751.22,2678.63,1135.11,932.36,1.217
ED1,100027,column,P-70x70,H30,Piso1,1,Z,COL-G-1-Piso1,100122,100222,3.96,0.0,0.0,0.0,-899.35,899.35,95.41,-95.41,-0.0,0.0,-1.31,1.31,-0.09,0.09,87.43,-87.43,-528.98,528.98,53.58,-53.58,-0.0,0.0,-0.82,0.82,-0.09,0.09,48.98,-48.98,-1.8,1.8,1.9,-1.9,-1.51,1.51,717.08,-717.08,756.59,-756.59,2.11,-2.11,-457.46,457.46,524.33,-524.33,-5.71,5.71,26.97,-26.97,30.57,-30.57,566.3,-566.3,-1773.04,1773.04,543.96,-543.96,-5.64,5.64,663.47,-663.47,703.67,-703.67,563.03,-563.03,1773.04,901.2,790.65,1.14
ED1,100028,column,P-70x70,H30,Piso1,1,Z,COL-H-3-Piso1,100103,100203,3.96,0.0,0.0,0.0,-739.26,739.26,-62.72,62.72,-0.0,0.0,-1.86,1.86,-0.24,0.24,-61.01,61.01,-434.81,434.81,-35.25,35.25,-0.0,0.0,-1.11,1.11,-0.16,0.16,-34.31,34.31,-4.07,4.07,-4.03,4.03,-1.51,1.51,695.42,-695.42,737.46,-737.46,-4.01,4.01,627.36,-627.36,595.17,-595.17,-5.71,5.71,-24.15,24.15,-27.52,27.52,623.35,-623.35,-707.21,707.21,344.79,-344.79,-5.64,5.64,604.79,-604.79,642.68,-642.68,368.58,-368.58,707.21,740.87,623.87,1.188
ED1,100029,column,P-70x70,H30,Piso1,1,Z,COL-H-2-Piso1,100113,100213,3.96,0.0,0.0,0.0,-1595.41,1595.41,-29.65,29.65,-0.0,0.0,-2.66,2.66,-0.69,0.69,-29.06,29.06,-939.24,939.24,-16.59,16.59,-0.0,0.0,-1.54,1.54,-0.38,0.38,-16.29,16.29,5.25,-5.25,-6.74,6.74,-1.51,1.51,914.14,-914.14,943.67,-943.67,-6.58,6.58,-187.32,187.32,1016.96,-1016.96,-5.71,5.71,-1.87,1.87,-2.07,2.07,1014.0,-1014.0,-2670.42,2670.42,710.41,-710.41,-5.64,5.64,817.13,-817.13,846.68,-846.68,709.23,-709.23,2670.42,1104.48,931.08,1.186
ED1,100030,column,P-70x70,H30,Piso1,1,Z,COL-H-1-Piso1,100123,100223,3.96,0.0,0.0,0.0,-900.21,900.21,94.95,-94.95,-0.0,0.0,-1.92,1.92,-0.28,0.28,87.07,-87.07,-529.57,529.57,53.32,-53.32,-0.0,0.0,-1.14,1.14,-0.17,0.17,48.78,-48.78,2.85,-2.85,-3.51,3.51,-1.51,1.51,709.37,-709.37,751.59,-751.59,-3.55,3.55,-440.04,440.04,505.92,-505.92,-5.71,5.71,25.93,-25.93,29.5,-29.5,542.31,-542.31,-1757.25,1757.25,524.55,-524.55,-5.64,5.64,654.83,-654.83,698.11,-698.11,539.39,-539.39,1757.25,882.21,788.18,1.119
ED1,100031,column,P-70x70,H30,Piso1,1,Z,COL-I-3-Piso1,100104,100204,3.96,0.0,0.0,0.0,-537.13,537.13,-46.07,46.07,-0.0,0.0,30.82,-30.82,31.55,-31.55,-45.03,45.03,-315.96,315.96,-25.87,25.87,-0.0,0.0,17.31,-17.31,17.78,-17.78,-25.32,25.32,637.62,-637.62,-10.04,10.04,-1.51,1.51,948.08,-948.08,962.53,-962.53,-10.15,10.15,584.8,-584.8,576.08,-576.08,-5.71,5.71,-33.0,33.0,-35.17,35.17,598.83,-598.83,159.36,-159.36,351.09,-351.09,-5.64,5.64,876.65,-876.65,889.23,-889.23,369.64,-369.64,-159.36,963.0,463.61,2.077
ED1,100032,column,P-70x70,H30,Piso1,1,Z,COL-I-2-Piso1,100114,100214,3.96,0.0,0.0,0.0,-1149.9,1149.9,-21.69,21.69,-0.0,0.0,65.0,-65.0,66.21,-66.21,-21.46,21.46,-676.9,676.9,-12.12,12.12,-0.0,0.0,36.65,-36.65,37.44,-37.44,-12.01,12.01,677.42,-677.42,-17.17,17.17,-1.51,1.51,1132.42,-1132.42,1136.67,-1136.67,-16.85,16.85,-182.09,182.09,980.7,-980.7,-5.71,5.71,-2.36,2.36,-2.48,2.48,974.51,-974.51,-1353.69,1353.69,686.26,-686.26,-5.64,5.64,1119.05,-1119.05,1124.8,-1124.8,682.25,-682.25,1353.69,1315.54,725.03,1.814
ED1,100033,column,P-70x70,H30,Piso1,1,Z,COL-I-1-Piso1,100124,100224,3.96,0.0,0.0,0.0,-654.42,654.42,70.22,-70.22,-0.0,0.0,37.67,-37.67,38.28,-38.28,64.24,-64.24,-385.01,385.01,39.44,-39.44,-0.0,0.0,21.18,-21.18,21.58,-21.58,36.0,-36.0,667.91,-667.91,-9.0,9.0,-1.51,1.51,966.83,-966.83,981.06,-981.06,-9.28,9.28,-402.41,402.41,490.48,-490.48,-5.71,5.71,35.49,-35.49,37.76,-37.76,520.89,-520.89,-740.12,740.12,469.42,-469.42,-5.64,5.64,955.61,-955.61,971.13,-971.13,482.54,-482.54,740.12,1084.41,629.02,1.724
ED1,100034,column,P-70x70,H30,Piso1,1,Z,COL-I'-3-Piso1,100105,100205,3.96,0.0,0.0,0.0,-195.8,195.8,-16.71,16.71,-0.0,0.0,12.12,-12.12,14.29,-14.29,-16.84,16.84,-115.03,115.03,-9.36,9.36,-0.0,0.0,6.85,-6.85,8.14,-8.14,-9.45,9.45,-954.96,954.96,-15.27,15.27,-1.51,1.51,641.65,-641.65,679.76,-679.76,-15.68,15.68,624.35,-624.35,564.02,-564.02,-5.71,5.71,-22.51,22.51,-25.77,25.77,584.18,-584.18,-702.03,702.03,383.2,-383.2,-5.64,5.64,579.56,-579.56,614.89,-614.89,397.74,-397.74,702.03,732.32,623.06,1.175
ED1,100035,column,P-70x70,H30,Piso1,1,Z,COL-I'-2-Piso1,100115,100215,3.96,0.0,0.0,0.0,-439.06,439.06,-7.57,7.57,-0.0,0.0,27.47,-27.47,30.98,-30.98,-7.93,7.93,-258.36,258.36,-4.18,4.18,-0.0,0.0,15.63,-15.63,17.72,-17.72,-4.41,4.41,-1057.17,1057.17,-23.45,23.45,-1.51,1.51,739.56,-739.56,770.03,-770.03,-23.16,23.16,-175.32,175.32,960.24,-960.24,-5.71,5.71,-1.48,1.48,-1.69,1.69,952.37,-952.37,-1780.35,1780.35,687.32,-687.32,-5.64,5.64,707.59,-707.59,740.46,-740.46,681.09,-681.09,1780.35,1006.06,791.8,1.271
ED1,100036,column,P-70x70,H30,Piso1,1,Z,COL-I'-1-Piso1,100125,100225,3.96,0.0,0.0,0.0,-242.85,242.85,26.31,-26.31,-0.0,0.0,14.93,-14.93,17.21,-17.21,23.23,-23.23,-142.7,142.7,14.81,-14.81,-0.0,0.0,8.45,-8.45,9.81,-9.81,13.02,-13.02,-948.31,948.31,-11.29,11.29,-1.51,1.51,655.29,-655.29,693.42,-693.42,-11.51,11.51,-449.3,449.3,480.19,-480.19,-5.71,5.71,24.17,-24.17,27.62,-27.62,507.8,-507.8,-1576.0,1576.0,391.1,-391.1,-5.64,5.64,631.27,-631.27,671.82,-671.82,406.74,-406.74,1576.0,785.35,759.82,1.034
ED1,100037,column,P-70x70,H30,Piso2,1,Z,COL-E-3-Piso2,100200,100300,3.96,0.0,0.0,0.0,-273.86,273.86,-29.34,29.34,-0.01,0.01,-41.43,41.43,-42.01,42.01,-32.14,32.14,-163.52,163.52,-16.62,16.62,-0.01,0.01,-23.47,23.47,-24.01,24.01,-18.41,18.41,191.29,-191.29,10.27,-10.27,-1.27,1.27,202.52,-202.52,397.09,-397.09,15.61,-15.61,401.17,-401.17,378.11,-378.11,-4.48,4.48,-6.52,6.52,-13.51,13.51,616.07,-616.07,35.67,-35.67,246.87,-246.87,-4.51,4.51,112.48,-112.48,281.23,-281.23,425.55,-425.55,-35.67,510.08,502.1,1.016
ED1,100038,column,P-70x70,H30,Piso2,1,Z,COL-E-2-Piso2,100210,100310,3.96,0.0,0.0,0.0,-591.68,591.68,-12.22,12.22,-0.01,0.01,-85.23,85.23,-87.25,87.25,-13.91,13.91,-354.09,354.09,-6.84,6.84,-0.01,0.01,-48.24,48.24,-49.75,49.75,-7.92,7.92,236.5,-236.5,17.24,-17.24,-1.27,1.27,305.64,-305.64,493.18,-493.18,21.81,-21.81,-117.54,117.54,748.52,-748.52,-4.48,4.48,-0.66,0.66,-1.12,1.12,957.27,-957.27,-821.07,821.07,557.84,-557.84,-4.51,4.51,141.1,-141.1,306.03,-306.03,715.76,-715.76,821.07,778.44,641.68,1.213
ED1,100039,column,P-70x70,H30,Piso2,1,Z,COL-E-1-Piso2,100220,100320,3.96,0.0,0.0,0.0,-335.18,335.18,44.92,-44.92,-0.01,0.01,-49.63,49.63,-50.61,50.61,45.84,-45.84,-200.21,200.21,25.45,-25.45,-0.01,0.01,-28.1,28.1,-28.92,28.92,26.2,-26.2,178.56,-178.56,6.07,-6.07,-1.27,1.27,207.1,-207.1,405.34,-405.34,11.34,-11.34,-283.69,283.69,305.42,-305.42,-4.48,4.48,7.04,-7.04,14.61,-14.61,551.08,-551.08,-587.46,587.46,304.89,-304.89,-4.51,4.51,113.94,-113.94,296.24,-296.24,495.54,-495.54,587.46,577.34,605.13,0.954
ED1,100040,column,P-70x70,H30,Piso2,1,Z,COL-F-3-Piso2,100201,100301,3.96,0.0,0.0,0.0,-547.78,547.78,-59.86,59.86,-0.01,0.01,-4.26,4.26,-3.03,3.03,-63.9,63.9,-327.45,327.45,-33.98,33.98,-0.01,0.01,-2.54,2.54,-1.75,1.75,-36.55,36.55,-2.47,2.47,6.04,-6.04,-1.27,1.27,462.21,-462.21,637.21,-637.21,8.92,-8.92,477.61,-477.61,476.92,-476.92,-4.48,4.48,-16.07,16.07,-22.53,22.53,695.46,-695.46,-519.26,519.26,269.28,-269.28,-4.51,4.51,397.13,-397.13,551.82,-551.82,429.17,-429.17,519.26,699.07,594.46,1.176
ED1,100041,column,P-70x70,H30,Piso2,1,Z,COL-F-2-Piso2,100211,100311,3.96,0.0,0.0,0.0,-1163.52,1163.52,-25.51,25.51,-0.01,0.01,-7.13,7.13,-6.31,6.31,-27.56,27.56,-697.42,697.42,-14.37,14.37,-0.01,0.01,-4.29,4.29,-3.71,3.71,-15.68,15.68,-15.29,15.29,12.12,-12.12,-1.27,1.27,642.28,-642.28,802.57,-802.57,14.49,-14.49,-116.8,116.8,929.36,-929.36,-4.48,4.48,-1.21,1.21,-1.59,1.59,1110.2,-1110.2,-1962.3,1962.3,668.04,-668.04,-4.51,4.51,565.72,-565.72,711.1,-711.1,802.45,-802.45,1962.3,1072.19,820.27,1.307
ED1,100042,column,P-70x70,H30,Piso2,1,Z,COL-F-1-Piso2,100221,100321,3.96,0.0,0.0,0.0,-665.52,665.52,86.19,-86.19,-0.01,0.01,-4.39,4.39,-3.24,3.24,88.68,-88.68,-398.02,398.02,48.81,-48.81,-0.01,0.01,-2.62,2.62,-1.87,1.87,50.61,-50.61,-13.31,13.31,5.61,-5.61,-1.27,1.27,471.48,-471.48,649.79,-649.79,8.6,-8.6,-360.72,360.72,417.8,-417.8,-4.48,4.48,17.15,-17.15,24.13,-24.13,643.73,-643.73,-1346.06,1346.06,453.39,-453.39,-4.51,4.51,430.18,-430.18,597.8,-597.8,629.83,-629.83,1346.06,868.36,723.84,1.2
ED1,100043,column,P-70x70,H30,Piso2,1,Z,COL-G-3-Piso2,100202,100302,3.96,0.0,0.0,0.0,-545.8,545.8,-59.45,59.45,-0.01,0.01,-2.82,2.82,-1.59,1.59,-63.55,63.55,-326.14,326.14,-33.71,33.71,-0.01,0.01,-1.68,1.68,-0.93,0.93,-36.36,36.36,0.97,-0.97,1.26,-1.26,-1.27,1.27,454.68,-454.68,629.9,-629.9,2.08,-2.08,382.02,-382.02,353.89,-353.89,-4.48,4.48,-16.97,16.97,-23.53,23.53,574.07,-574.07,-584.56,584.56,173.39,-173.39,-4.51,4.51,391.97,-391.97,546.74,-546.74,332.51,-332.51,584.56,639.91,604.67,1.058
ED1,100044,column,P-70x70,H30,Piso2,1,Z,COL-G-2-Piso2,100212,100312,3.96,0.0,0.0,0.0,-1173.45,1173.45,-26.58,26.58,-0.01,0.01,-3.33,3.33,-2.26,2.26,-28.78,28.78,-702.83,702.83,-14.99,14.99,-0.01,0.01,-1.99,1.99,-1.34,1.34,-16.41,16.41,-1.25,1.25,2.52,-2.52,-1.27,1.27,629.6,-629.6,790.79,-790.79,3.24,-3.24,-109.95,109.95,700.62,-700.62,-4.48,4.48,-1.08,1.08,-1.46,1.46,893.52,-893.52,-1959.87,1959.87,486.17,-486.17,-4.51,4.51,560.5,-560.5,707.01,-707.01,627.87,-627.87,1959.87,945.56,819.89,1.153
ED1,100045,column,P-70x70,H30,Piso2,1,Z,COL-G-1-Piso2,100222,100322,3.96,0.0,0.0,0.0,-664.21,664.21,86.52,-86.52,-0.01,0.01,-2.7,2.7,-1.52,1.52,89.36,-89.36,-397.1,397.1,48.96,-48.96,-0.01,0.01,-1.61,1.61,-0.89,0.89,51.04,-51.04,-1.35,1.35,1.02,-1.02,-1.27,1.27,463.85,-463.85,642.4,-642.4,1.88,-1.88,-272.11,272.11,285.86,-285.86,-4.48,4.48,17.96,-17.96,25.04,-25.04,513.23,-513.23,-1266.62,1266.62,350.79,-350.79,-4.51,4.51,426.64,-426.64,594.52,-594.52,527.01,-527.01,1266.62,794.48,711.41,1.117
ED1,100046,column,P-70x70,H30,Piso2,1,Z,COL-H-3-Piso2,100203,100303,3.96,0.0,0.0,0.0,-546.5,546.5,-59.24,59.24,-0.01,0.01,-2.65,2.65,-1.41,1.41,-63.26,63.26,-326.66,326.66,-33.59,33.59,-0.01,0.01,-1.57,1.57,-0.83,0.83,-36.19,36.19,0.88,-0.88,-2.22,2.22,-1.27,1.27,453.58,-453.58,629.91,-629.91,-3.58,3.58,367.84,-367.84,340.89,-340.89,-4.48,4.48,-15.75,15.75,-22.23,22.23,552.24,-552.24,-596.48,596.48,160.84,-160.84,-4.51,4.51,392.19,-392.19,548.0,-548.0,311.5,-311.5,596.48,630.35,606.54,1.039
ED1,100047,column,P-70x70,H30,Piso2,1,Z,COL-H-2-Piso2,100213,100313,3.96,0.0,0.0,0.0,-1174.35,1174.35,-26.55,26.55,-0.01,0.01,-2.67,2.67,-1.45,1.45,-28.71,28.71,-703.57,703.57,-14.98,14.98,-0.01,0.01,-1.55,1.55,-0.84,0.84,-16.37,16.37,8.21,-8.21,-4.46,4.46,-1.27,1.27,629.82,-629.82,792.52,-792.52,-5.65,5.65,-106.33,106.33,674.24,-674.24,-4.48,4.48,-1.19,1.19,-1.58,1.58,859.44,-859.44,-1950.28,1950.28,460.14,-460.14,-4.51,4.51,561.72,-561.72,709.79,-709.79,594.43,-594.43,1950.28,925.82,818.39,1.131
ED1,100048,column,P-70x70,H30,Piso2,1,Z,COL-H-1-Piso2,100223,100323,3.96,0.0,0.0,0.0,-664.83,664.83,86.09,-86.09,-0.01,0.01,-2.48,2.48,-1.3,1.3,88.91,-88.91,-397.58,397.58,48.71,-48.71,-0.01,0.01,-1.46,1.46,-0.76,0.76,50.77,-50.77,5.01,-5.01,-1.87,1.87,-1.27,1.27,462.68,-462.68,642.34,-642.34,-3.3,3.3,-261.5,261.5,274.95,-274.95,-4.48,4.48,16.81,-16.81,23.82,-23.82,493.21,-493.21,-1254.03,1254.03,339.33,-339.33,-4.51,4.51,425.09,-425.09,593.92,-593.92,506.63,-506.63,1254.03,780.65,709.44,1.1
ED1,100049,column,P-70x70,H30,Piso2,1,Z,COL-I-3-Piso2,100204,100304,3.96,0.0,0.0,0.0,-395.75,395.75,-43.19,43.19,-0.01,0.01,29.67,-29.67,32.31,-32.31,-46.32,46.32,-236.75,236.75,-24.47,24.47,-0.01,0.01,16.8,-16.8,18.45,-18.45,-26.48,26.48,341.44,-341.44,-5.41,5.41,-1.27,1.27,628.81,-628.81,782.91,-782.91,-8.99,8.99,345.0,-345.0,329.79,-329.79,-4.48,4.48,-21.47,21.47,-27.22,27.22,532.22,-532.22,-66.46,66.46,174.81,-174.81,-4.51,4.51,596.29,-596.29,734.96,-734.96,318.28,-318.28,66.46,800.92,523.6,1.53
ED1,100050,column,P-70x70,H30,Piso2,1,Z,COL-I-2-Piso2,100214,100314,3.96,0.0,0.0,0.0,-842.58,842.58,-19.06,19.06,-0.01,0.01,66.35,-66.35,70.43,-70.43,-20.82,20.82,-505.2,505.2,-10.72,10.72,-0.01,0.01,37.72,-37.72,40.25,-40.25,-11.85,11.85,353.54,-353.54,-11.22,11.22,-1.27,1.27,775.79,-775.79,916.74,-916.74,-14.32,14.32,-103.42,103.42,651.38,-651.38,-4.48,4.48,-1.46,1.46,-1.8,1.8,828.63,-828.63,-1107.16,1107.16,448.66,-448.66,-4.51,4.51,801.19,-801.19,934.4,-934.4,575.92,-575.92,1107.16,1097.63,686.45,1.599
ED1,100051,column,P-70x70,H30,Piso2,1,Z,COL-I-1-Piso2,100224,100324,3.96,0.0,0.0,0.0,-481.7,481.7,63.89,-63.89,-0.01,0.01,36.76,-36.76,39.64,-39.64,65.61,-65.61,-288.29,288.29,36.15,-36.15,-0.01,0.01,20.84,-20.84,22.64,-22.64,37.44,-37.44,358.64,-358.64,-4.83,4.83,-1.27,1.27,641.51,-641.51,798.52,-798.52,-8.51,8.51,-241.4,241.4,266.17,-266.17,-4.48,4.48,22.97,-22.97,29.18,-29.18,475.25,-475.25,-628.26,628.26,295.32,-295.32,-4.51,4.51,652.18,-652.18,802.84,-802.84,451.82,-451.82,628.26,921.25,611.51,1.507
ED1,100052,column,P-70x70,H30,Piso2,1,Z,COL-I'-3-Piso2,100205,100305,3.96,0.0,0.0,0.0,-145.59,145.59,-15.11,15.11,-0.01,0.01,13.58,-13.58,15.95,-15.95,-17.11,17.11,-86.75,86.75,-8.56,8.56,-0.01,0.01,7.77,-7.77,9.2,-9.2,-9.83,9.83,-532.45,532.45,-9.81,9.81,-1.27,1.27,387.78,-387.78,559.95,-559.95,-14.58,14.58,365.46,-365.46,322.07,-322.07,-4.48,4.48,-13.77,13.77,-20.14,20.14,520.09,-520.09,-437.45,437.45,209.06,-209.06,-4.51,4.51,360.02,-360.02,514.01,-514.01,350.01,-350.01,437.45,621.86,581.65,1.069
ED1,100053,column,P-70x70,H30,Piso2,1,Z,COL-I'-2-Piso2,100215,100315,3.96,0.0,0.0,0.0,-327.02,327.02,-5.72,5.72,-0.01,0.01,32.94,-32.94,36.53,-36.53,-6.99,6.99,-195.3,195.3,-3.18,3.18,-0.01,0.01,18.94,-18.94,21.11,-21.11,-3.98,3.98,-581.19,581.19,-15.91,15.91,-1.27,1.27,460.02,-460.02,625.62,-625.62,-19.99,19.99,-99.85,99.85,637.51,-637.51,-4.48,4.48,-0.84,0.84,-1.24,1.24,810.82,-810.82,-1120.28,1120.28,454.93,-454.93,-4.51,4.51,465.27,-465.27,619.77,-619.77,579.15,-579.15,1120.28,848.25,688.51,1.232
ED1,100054,column,P-70x70,H30,Piso2,1,Z,COL-I'-1-Piso2,100225,100325,3.96,0.0,0.0,0.0,-180.92,180.92,24.3,-24.3,-0.01,0.01,17.01,-17.01,19.53,-19.53,24.59,-24.59,-107.81,107.81,13.79,-13.79,-0.01,0.01,9.75,-9.75,11.27,-11.27,14.1,-14.1,-527.72,527.72,-5.38,5.38,-1.27,1.27,396.18,-396.18,571.59,-571.59,-10.08,10.08,-265.78,265.78,259.65,-259.65,-4.48,4.48,14.68,-14.68,21.56,-21.56,464.21,-464.21,-963.0,963.0,227.98,-227.98,-4.51,4.51,394.33,-394.33,561.4,-561.4,377.77,-377.77,963.0,676.67,663.89,1.019
ED1,100055,column,P-70x70,H30,Piso3,2,Z,COL-E-3-Piso3,100300,100400,3.96,0.0,0.0,0.0,-176.57,176.57,-30.14,30.14,-0.01,0.01,-42.11,42.11,-37.94,37.94,-28.57,28.57,-108.9,108.9,-16.67,16.67,-0.01,0.01,-23.37,23.37,-19.94,19.94,-15.08,15.08,92.33,-92.33,5.97,-5.97,-0.88,0.88,83.89,-83.89,310.2,-310.2,11.94,-11.94,190.11,-190.11,185.14,-185.14,-2.98,2.98,-2.27,2.27,-10.09,10.09,462.27,-462.27,-59.8,59.8,97.42,-97.42,-3.05,3.05,8.32,-8.32,213.73,-213.73,313.8,-313.8,59.8,379.67,522.56,0.727
ED1,100056,column,P-70x70,H30,Piso3,2,Z,COL-E-2-Piso3,100310,100410,3.96,0.0,0.0,0.0,-380.82,380.82,-12.03,12.03,-0.01,0.01,-87.25,87.25,-81.62,81.62,-11.68,11.68,-235.93,235.93,-6.47,6.47,-0.01,0.01,-48.51,48.51,-43.58,43.58,-5.89,5.89,111.84,-111.84,10.48,-10.48,-0.88,0.88,155.84,-155.84,371.44,-371.44,15.5,-15.5,-52.46,52.46,448.18,-448.18,-2.98,2.98,-0.35,0.35,-0.83,0.83,676.36,-676.36,-555.43,555.43,327.07,-327.07,-3.05,3.05,4.24,-4.24,208.46,-208.46,503.65,-503.65,555.43,545.09,600.12,0.908
ED1,100057,column,P-70x70,H30,Piso3,2,Z,COL-E-1-Piso3,100320,100420,3.96,0.0,0.0,0.0,-216.07,216.07,45.73,-45.73,-0.01,0.01,-50.41,50.41,-45.74,45.74,41.47,-41.47,-133.33,133.33,25.39,-25.39,-0.01,0.01,-27.94,27.94,-24.02,24.02,21.89,-21.89,86.07,-86.07,2.09,-2.09,-0.88,0.88,85.91,-85.91,316.59,-316.59,8.51,-8.51,-137.67,137.67,137.68,-137.68,-2.98,2.98,2.48,-2.48,10.94,-10.94,424.66,-424.66,-375.19,375.19,176.26,-176.26,-3.05,3.05,0.83,-0.83,223.38,-223.38,389.51,-389.51,375.19,449.02,571.91,0.785
ED1,100058,column,P-70x70,H30,Piso3,2,Z,COL-F-3-Piso3,100301,100401,3.96,0.0,0.0,0.0,-353.38,353.38,-62.41,62.41,-0.01,0.01,-5.45,5.45,-5.41,5.41,-60.01,60.01,-218.34,218.34,-34.89,34.89,-0.01,0.01,-3.43,3.43,-3.66,3.66,-32.53,32.53,-0.99,0.99,3.07,-3.07,-0.88,0.88,269.51,-269.51,460.87,-460.87,6.44,-6.44,223.38,-223.38,255.51,-255.51,-2.98,2.98,-9.5,9.5,-16.07,16.07,509.49,-509.49,-405.08,405.08,97.1,-97.1,-3.05,3.05,226.55,-226.55,393.66,-393.66,295.38,-295.38,405.08,492.16,576.59,0.854
ED1,100059,column,P-70x70,H30,Piso3,2,Z,COL-F-2-Piso3,100311,100411,3.96,0.0,0.0,0.0,-748.32,748.32,-25.83,25.83,-0.01,0.01,-9.65,9.65,-10.22,10.22,-25.17,25.17,-465.19,465.19,-14.2,14.2,-0.01,0.01,-6.05,6.05,-6.77,6.77,-13.3,13.3,-6.22,6.22,7.39,-7.39,-0.88,0.88,395.8,-395.8,569.22,-569.22,10.02,-10.02,-50.34,50.34,576.07,-576.07,-2.98,2.98,-0.67,0.67,-1.07,1.07,773.58,-773.58,-1256.87,1256.87,398.67,-398.67,-3.05,3.05,340.02,-340.02,494.51,-494.51,550.73,-550.73,1256.87,740.16,709.88,1.043
ED1,100060,column,P-70x70,H30,Piso3,2,Z,COL-F-1-Piso3,100321,100421,3.96,0.0,0.0,0.0,-429.04,429.04,88.31,-88.31,-0.01,0.01,-5.66,5.66,-5.73,5.73,82.32,-82.32,-265.38,265.38,49.12,-49.12,-0.01,0.01,-3.56,3.56,-3.88,3.88,43.95,-43.95,-6.04,6.04,2.97,-2.97,-0.88,0.88,274.89,-274.89,470.02,-470.02,6.44,-6.44,-172.98,172.98,219.26,-219.26,-2.98,2.98,10.06,-10.06,17.17,-17.17,481.32,-481.32,-829.59,829.59,304.55,-304.55,-3.05,3.05,245.73,-245.73,426.29,-426.29,493.07,-493.07,829.59,651.8,643.02,1.014
ED1,100061,column,P-70x70,H30,Piso3,2,Z,COL-G-3-Piso3,100302,100402,3.96,0.0,0.0,0.0,-351.99,351.99,-61.41,61.41,-0.01,0.01,-3.43,3.43,-2.83,2.83,-58.17,58.17,-217.39,217.39,-34.16,34.16,-0.01,0.01,-2.14,2.14,-1.85,1.85,-31.11,31.11,0.15,-0.15,0.6,-0.6,-0.88,0.88,264.85,-264.85,458.65,-458.65,1.55,-1.55,181.57,-181.57,173.27,-173.27,-2.98,2.98,-10.62,10.62,-17.19,17.19,431.19,-431.19,-433.07,433.07,34.92,-34.92,-3.05,3.05,224.83,-224.83,395.21,-395.21,235.5,-235.5,433.07,460.06,580.97,0.792
ED1,100062,column,P-70x70,H30,Piso3,2,Z,COL-G-2-Piso3,100312,100412,3.96,0.0,0.0,0.0,-755.12,755.12,-26.96,26.96,-0.01,0.01,-4.23,4.23,-3.68,3.68,-25.95,25.95,-468.66,468.66,-14.82,14.82,-0.01,0.01,-2.61,2.61,-2.33,2.33,-13.62,13.62,-1.21,1.21,1.48,-1.48,-0.88,0.88,388.32,-388.32,565.15,-565.15,2.27,-2.27,-49.25,49.25,419.76,-419.76,-2.98,2.98,-0.55,0.55,-0.96,0.96,632.0,-632.0,-1261.8,1261.8,274.37,-274.37,-3.05,3.05,342.24,-342.24,501.91,-501.91,436.48,-436.48,1261.8,665.15,710.65,0.936
ED1,100063,column,P-70x70,H30,Piso3,2,Z,COL-G-1-Piso3,100322,100422,3.96,0.0,0.0,0.0,-428.13,428.13,87.92,-87.92,-0.01,0.01,-3.27,3.27,-2.7,2.7,80.65,-80.65,-264.7,264.7,48.68,-48.68,-0.01,0.01,-2.04,2.04,-1.76,1.76,42.44,-42.44,-0.95,0.95,0.45,-0.45,-0.88,0.88,270.19,-270.19,467.79,-467.79,1.44,-1.44,-132.34,132.34,128.8,-128.8,-2.98,2.98,11.09,-11.09,18.22,-18.22,395.89,-395.89,-792.94,792.94,233.61,-233.61,-3.05,3.05,246.18,-246.18,430.22,-430.22,421.3,-421.3,792.94,602.15,637.28,0.945
ED1,100064,column,P-70x70,H30,Piso3,2,Z,COL-H-3-Piso3,100303,100403,3.96,0.0,0.0,0.0,-352.53,352.53,-61.21,61.21,-0.01,0.01,-2.95,2.95,-2.03,2.03,-58.03,58.03,-217.82,217.82,-34.06,34.06,-0.01,0.01,-1.8,1.8,-1.27,1.27,-31.06,31.06,3.11,-3.11,-1.02,1.02,-0.88,0.88,266.32,-266.32,460.49,-460.49,-2.66,2.66,174.62,-174.62,166.76,-166.76,-2.98,2.98,-9.35,9.35,-16.04,16.04,415.26,-415.26,-436.59,436.59,28.88,-28.88,-3.05,3.05,227.93,-227.93,399.11,-399.11,219.96,-219.96,436.59,455.71,581.52,0.784
ED1,100065,column,P-70x70,H30,Piso3,2,Z,COL-H-2-Piso3,100313,100413,3.96,0.0,0.0,0.0,-755.82,755.82,-26.96,26.96,-0.01,0.01,-2.7,2.7,-1.57,1.57,-25.96,25.96,-469.33,469.33,-14.83,14.83,-0.01,0.01,-1.59,1.59,-0.87,0.87,-13.64,13.64,8.11,-8.11,-2.63,2.63,-0.88,0.88,391.93,-391.93,569.11,-569.11,-3.98,3.98,-47.71,47.71,403.93,-403.93,-2.98,2.98,-0.67,0.67,-1.07,1.07,608.56,-608.56,-1253.63,1253.63,258.79,-258.79,-3.05,3.05,347.93,-347.93,508.95,-508.95,413.24,-413.24,1253.63,655.59,709.37,0.924
ED1,100066,column,P-70x70,H30,Piso3,2,Z,COL-H-1-Piso3,100323,100423,3.96,0.0,0.0,0.0,-428.62,428.62,87.49,-87.49,-0.01,0.01,-2.68,2.68,-1.74,1.74,80.37,-80.37,-265.12,265.12,48.44,-48.44,-0.01,0.01,-1.63,1.63,-1.07,1.07,42.31,-42.31,5.12,-5.12,-0.85,0.85,-0.88,0.88,271.64,-271.64,469.63,-469.63,-2.55,2.55,-126.91,126.91,123.58,-123.58,-2.98,2.98,9.91,-9.91,17.15,-17.15,381.02,-381.02,-784.31,784.31,227.85,-227.85,-3.05,3.05,247.6,-247.6,432.71,-432.71,406.14,-406.14,784.31,593.45,635.93,0.933
ED1,100067,column,P-70x70,H30,Piso3,2,Z,COL-I-3-Piso3,100304,100404,3.96,0.0,0.0,0.0,-254.73,254.73,-44.52,44.52,-0.01,0.01,30.95,-30.95,30.63,-30.63,-42.38,42.38,-157.77,157.77,-24.73,24.73,-0.01,0.01,17.23,-17.23,16.61,-16.61,-22.63,22.63,137.71,-137.71,-2.41,2.41,-0.88,0.88,372.28,-372.28,541.64,-541.64,-6.66,6.66,165.23,-165.23,161.66,-161.66,-2.98,2.98,-12.77,12.77,-18.61,18.61,400.46,-400.46,-164.64,164.64,49.83,-49.83,-3.05,3.05,373.66,-373.66,520.76,-520.76,229.33,-229.33,164.64,569.02,538.96,1.056
ED1,100068,column,P-70x70,H30,Piso3,2,Z,COL-I-2-Piso3,100314,100414,3.96,0.0,0.0,0.0,-540.67,540.67,-19.18,19.18,-0.01,0.01,70.69,-70.69,70.46,-70.46,-18.57,18.57,-336.67,336.67,-10.5,10.5,-0.01,0.01,39.84,-39.84,39.1,-39.1,-9.69,9.69,134.73,-134.73,-6.53,6.53,-0.88,0.88,472.08,-472.08,626.96,-626.96,-10.04,10.04,-46.42,46.42,390.7,-390.7,-2.98,2.98,-0.79,0.79,-1.15,1.15,587.29,-587.29,-790.89,790.89,257.46,-257.46,-3.05,3.05,534.81,-534.81,672.96,-672.96,403.17,-403.17,790.89,784.49,636.96,1.232
ED1,100069,column,P-70x70,H30,Piso3,2,Z,COL-I-1-Piso3,100324,100424,3.96,0.0,0.0,0.0,-309.85,309.85,64.96,-64.96,-0.01,0.01,38.54,-38.54,38.05,-38.05,59.82,-59.82,-192.1,192.1,36.0,-36.0,-0.01,0.01,21.53,-21.53,20.75,-20.75,31.61,-31.61,145.42,-145.42,-2.18,2.18,-0.88,0.88,379.86,-379.86,552.54,-552.54,-6.57,6.57,-118.72,118.72,119.94,-119.94,-2.98,2.98,13.56,-13.56,19.89,-19.89,367.33,-367.33,-460.12,460.12,188.96,-188.96,-3.05,3.05,412.11,-412.11,571.0,-571.0,361.02,-361.02,460.12,675.56,585.2,1.154
ED1,100070,column,P-70x70,H30,Piso3,2,Z,COL-I'-3-Piso3,100305,100405,3.96,0.0,0.0,0.0,-94.17,94.17,-15.46,15.46,-0.01,0.01,14.89,-14.89,15.13,-15.13,-14.53,14.53,-57.79,57.79,-8.49,8.49,-0.01,0.01,8.43,-8.43,8.46,-8.46,-7.52,7.52,-232.55,232.55,-5.89,5.89,-0.88,0.88,197.96,-197.96,397.9,-397.9,-11.22,11.22,173.04,-173.04,157.28,-157.28,-2.98,2.98,-7.28,7.28,-14.1,14.1,391.43,-391.43,-231.48,231.48,88.71,-88.71,-3.05,3.05,196.03,-196.03,371.13,-371.13,261.41,-261.41,231.48,453.95,549.42,0.826
ED1,100071,column,P-70x70,H30,Piso3,2,Z,COL-I'-2-Piso3,100315,100415,3.96,0.0,0.0,0.0,-211.66,211.66,-5.4,5.4,-0.01,0.01,36.85,-36.85,37.18,-37.18,-5.26,5.26,-130.24,130.24,-2.81,2.81,-0.01,0.01,21.17,-21.17,21.25,-21.25,-2.48,2.48,-246.97,246.97,-9.79,9.79,-0.88,0.88,243.35,-243.35,435.96,-435.96,-14.3,14.3,-45.01,45.01,381.85,-381.85,-2.98,2.98,-0.38,0.38,-0.82,0.82,574.56,-574.56,-597.92,597.92,269.37,-269.37,-3.05,3.05,276.75,-276.75,450.18,-450.18,410.31,-410.31,597.92,609.11,606.77,1.004
ED1,100072,column,P-70x70,H30,Piso3,2,Z,COL-I'-1-Piso3,100325,100425,3.96,0.0,0.0,0.0,-117.08,117.08,24.79,-24.79,-0.01,0.01,18.73,-18.73,18.91,-18.91,21.97,-21.97,-71.81,71.81,13.8,-13.8,-0.01,0.01,10.65,-10.65,10.65,-10.65,11.56,-11.56,-229.66,229.66,-1.77,1.77,-0.88,0.88,202.42,-202.42,406.18,-406.18,-7.56,7.56,-128.12,128.12,116.38,-116.38,-2.98,2.98,7.67,-7.67,15.06,-15.06,358.97,-358.97,-491.67,491.67,124.28,-124.28,-3.05,3.05,217.31,-217.31,406.42,-406.42,295.95,-295.95,491.67,502.76,590.14,0.852
ED1,100073,column,P-70x70,H30,Piso4,2,Z,COL-E-3-Piso4,100400,100500,3.96,0.0,0.0,0.0,-77.62,77.62,-37.7,37.7,-0.01,0.01,-49.54,49.54,-65.4,65.4,-48.03,48.03,-53.04,53.04,-23.06,23.06,-0.01,0.01,-29.84,29.84,-43.8,43.8,-31.71,31.71,30.92,-30.92,2.92,-2.92,-0.49,0.49,-15.22,15.22,151.24,-151.24,8.37,-8.37,60.83,-60.83,25.31,-25.31,-1.55,1.55,2.11,-2.11,-2.77,2.77,235.51,-235.51,-57.22,57.22,-39.16,39.16,-1.63,1.63,-91.5,91.5,24.83,-24.83,104.42,-104.42,57.22,107.33,522.15,0.206
ED1,100074,column,P-70x70,H30,Piso4,2,Z,COL-E-2-Piso4,100410,100510,3.96,0.0,0.0,0.0,-170.39,170.39,-15.22,15.22,-0.01,0.01,-101.47,101.47,-127.04,127.04,-18.71,18.71,-118.11,118.11,-9.55,9.55,-0.01,0.01,-61.23,61.23,-84.42,84.42,-12.86,12.86,35.66,-35.66,4.95,-4.95,-0.49,0.49,28.2,-28.2,193.82,-193.82,9.8,-9.8,-14.78,14.78,194.88,-194.88,-1.55,1.55,-0.04,0.04,-0.41,0.41,409.52,-409.52,-267.49,267.49,125.85,-125.85,-1.63,1.63,-137.35,137.35,-37.33,37.33,284.39,-284.39,267.49,286.83,555.06,0.517
ED1,100075,column,P-70x70,H30,Piso4,2,Z,COL-E-1-Piso4,100420,100520,3.96,0.0,0.0,0.0,-95.51,95.51,53.94,-53.94,-0.01,0.01,-59.29,59.29,-77.6,77.6,71.06,-71.06,-65.45,65.45,32.46,-32.46,-0.01,0.01,-35.76,35.76,-52.02,52.02,47.46,-47.46,28.84,-28.84,-1.39,1.39,-0.49,0.49,-15.18,15.18,154.49,-154.49,2.71,-2.71,-46.05,46.05,3.41,-3.41,-1.55,1.55,-2.18,2.18,3.15,-3.15,219.48,-219.48,-169.55,169.55,87.71,-87.71,-1.63,1.63,-110.35,110.35,11.78,-11.78,285.57,-285.57,169.55,285.81,539.73,0.53
ED1,100076,column,P-70x70,H30,Piso4,2,Z,COL-F-3-Piso4,100401,100501,3.96,0.0,0.0,0.0,-156.94,156.94,-76.18,76.18,-0.01,0.01,-5.8,5.8,-6.32,6.32,-94.38,94.38,-107.73,107.73,-46.25,46.25,-0.01,0.01,-3.15,3.15,-3.03,3.03,-61.44,61.44,-1.1,1.1,0.56,-0.56,-0.49,0.49,104.17,-104.17,274.3,-274.3,3.11,-3.11,68.76,-68.76,69.61,-69.61,-1.55,1.55,-3.36,3.36,-8.97,8.97,267.99,-267.99,-214.09,214.09,-69.72,69.72,-1.63,1.63,82.3,-82.3,230.79,-230.79,47.96,-47.96,214.09,235.72,546.7,0.431
ED1,100077,column,P-70x70,H30,Piso4,2,Z,COL-F-2-Piso4,100411,100511,3.96,0.0,0.0,0.0,-338.8,338.8,-31.09,31.09,-0.01,0.01,-11.03,11.03,-11.37,11.37,-37.29,37.29,-237.14,237.14,-19.15,19.15,-0.01,0.01,-6.19,6.19,-5.51,5.51,-25.0,25.0,-2.64,2.64,3.38,-3.38,-0.49,0.49,181.35,-181.35,344.49,-344.49,5.91,-5.91,-12.89,12.89,274.24,-274.24,-1.55,1.55,-0.13,0.13,-0.43,0.43,469.63,-469.63,-587.99,587.99,158.48,-158.48,-1.63,1.63,145.9,-145.9,292.84,-292.84,295.26,-295.26,587.99,415.85,605.21,0.687
ED1,100078,column,P-70x70,H30,Piso4,2,Z,COL-F-1-Piso4,100421,100521,3.96,0.0,0.0,0.0,-191.5,191.5,103.8,-103.8,-0.01,0.01,-6.13,6.13,-6.55,6.55,131.65,-131.65,-132.02,132.02,62.6,-62.6,-0.01,0.01,-3.35,3.35,-3.1,3.1,87.31,-87.31,-2.67,2.67,0.86,-0.86,-0.49,0.49,106.45,-106.45,279.88,-279.88,3.6,-3.6,-55.84,55.84,57.55,-57.55,-1.55,1.55,3.42,-3.42,9.45,-9.45,263.94,-263.94,-367.8,367.8,210.34,-210.34,-1.63,1.63,88.89,-88.89,249.34,-249.34,420.15,-420.15,367.8,488.57,570.75,0.856
ED1,100079,column,P-70x70,H30,Piso4,2,Z,COL-G-3-Piso4,100402,100502,3.96,0.0,0.0,0.0,-155.94,155.94,-75.21,75.21,-0.01,0.01,-3.15,3.15,-4.17,4.17,-95.11,95.11,-106.96,106.96,-45.7,45.7,-0.01,0.01,-1.63,1.63,-2.33,2.33,-62.47,62.47,-0.14,0.14,0.04,-0.04,-0.49,0.49,102.42,-102.42,270.58,-270.58,0.74,-0.74,58.36,-58.36,25.27,-25.27,-1.55,1.55,-4.98,4.98,-11.1,11.1,221.59,-221.59,-219.25,219.25,-101.93,101.93,-1.63,1.63,83.66,-83.66,228.69,-228.69,9.28,-9.28,219.25,228.88,547.51,0.418
ED1,100080,column,P-70x70,H30,Piso4,2,Z,COL-G-2-Piso4,100412,100512,3.96,0.0,0.0,0.0,-340.08,340.08,-32.7,32.7,-0.01,0.01,-4.03,4.03,-5.03,5.03,-40.09,40.09,-236.87,236.87,-20.09,20.09,-0.01,0.01,-2.13,2.13,-2.84,2.84,-26.9,26.9,-0.79,0.79,0.6,-0.6,-0.49,0.49,178.79,-178.79,340.05,-340.05,1.31,-1.31,-13.96,13.96,184.96,-184.96,-1.55,1.55,-0.01,0.01,-0.29,0.29,385.84,-385.84,-588.13,588.13,86.47,-86.47,-1.63,1.63,154.74,-154.74,297.96,-297.96,223.57,-223.57,588.13,372.51,605.23,0.615
ED1,100081,column,P-70x70,H30,Piso4,2,Z,COL-G-1-Piso4,100422,100522,3.96,0.0,0.0,0.0,-190.63,190.63,104.02,-104.02,-0.01,0.01,-3.0,3.0,-3.98,3.98,135.04,-135.04,-131.27,131.27,62.84,-62.84,-0.01,0.01,-1.56,1.56,-2.23,2.23,90.37,-90.37,-0.5,0.5,-0.01,0.01,-0.49,0.49,104.7,-104.7,276.15,-276.15,0.72,-0.72,-44.42,44.42,4.57,-4.57,-1.55,1.55,4.96,-4.96,11.47,-11.47,206.31,-206.31,-355.66,355.66,170.28,-170.28,-1.63,1.63,93.39,-93.39,250.93,-250.93,380.78,-380.78,355.66,456.03,568.86,0.802
ED1,100082,column,P-70x70,H30,Piso4,2,Z,COL-H-3-Piso4,100403,100503,3.96,0.0,0.0,0.0,-156.62,156.62,-74.82,74.82,-0.01,0.01,-2.74,2.74,-4.45,4.45,-94.42,94.42,-107.54,107.54,-45.46,45.46,-0.01,0.01,-1.42,1.42,-2.73,2.73,-62.02,62.02,2.56,-2.56,-0.05,0.05,-0.49,0.49,108.94,-108.94,281.42,-281.42,-1.25,1.25,55.96,-55.96,24.97,-24.97,-1.55,1.55,-3.44,3.44,-9.05,9.05,214.27,-214.27,-219.89,219.89,-101.6,101.6,-1.63,1.63,91.32,-91.32,239.3,-239.3,3.14,-3.14,219.89,239.32,547.61,0.437
ED1,100083,column,P-70x70,H30,Piso4,2,Z,COL-H-2-Piso4,100413,100513,3.96,0.0,0.0,0.0,-341.3,341.3,-32.64,32.64,-0.01,0.01,-2.49,2.49,-4.63,4.63,-39.96,39.96,-238.03,238.03,-20.05,20.05,-0.01,0.01,-1.29,1.29,-3.06,3.06,-26.8,26.8,5.21,-5.21,-1.14,1.14,-0.49,0.49,188.71,-188.71,355.57,-355.57,-2.4,2.4,-13.55,13.55,179.1,-179.1,-1.55,1.55,-0.16,0.16,-0.48,0.48,373.11,-373.11,-584.8,584.8,80.61,-80.61,-1.63,1.63,165.94,-165.94,311.97,-311.97,210.91,-210.91,584.8,376.57,604.71,0.623
ED1,100084,column,P-70x70,H30,Piso4,2,Z,COL-H-1-Piso4,100423,100523,3.96,0.0,0.0,0.0,-191.35,191.35,103.38,-103.38,-0.01,0.01,-2.48,2.48,-4.25,4.25,133.88,-133.88,-131.91,131.91,62.46,-62.46,-0.01,0.01,-1.28,1.28,-2.66,2.66,89.6,-89.6,3.23,-3.23,-0.1,0.1,-0.49,0.49,111.27,-111.27,287.05,-287.05,-1.41,1.41,-42.42,42.42,4.62,-4.62,-1.55,1.55,3.52,-3.52,9.56,-9.56,198.89,-198.89,-352.16,352.16,169.22,-169.22,-1.63,1.63,99.02,-99.02,258.61,-258.61,371.37,-371.37,352.16,452.54,568.31,0.796
ED1,100085,column,P-70x70,H30,Piso4,2,Z,COL-I-3-Piso4,100404,100504,3.96,0.0,0.0,0.0,-113.94,113.94,-54.35,54.35,-0.01,0.01,37.98,-37.98,45.55,-45.55,-68.1,68.1,-78.89,78.89,-33.09,33.09,-0.01,0.01,23.17,-23.17,29.71,-29.71,-44.82,44.82,32.26,-32.26,-0.01,0.01,-0.49,0.49,142.76,-142.76,292.7,-292.7,-3.19,3.19,53.67,-53.67,25.69,-25.69,-1.55,1.55,-4.51,4.51,-9.46,9.46,208.15,-208.15,-123.54,123.54,-68.18,68.18,-1.63,1.63,186.24,-186.24,331.6,-331.6,40.32,-40.32,123.54,334.04,532.53,0.627
ED1,100086,column,P-70x70,H30,Piso4,2,Z,COL-I-2-Piso4,100414,100514,3.96,0.0,0.0,0.0,-245.36,245.36,-23.33,23.33,-0.01,0.01,83.91,-83.91,97.49,-97.49,-28.35,28.35,-172.78,172.78,-14.41,14.41,-0.01,0.01,50.78,-50.78,62.59,-62.59,-19.13,19.13,26.63,-26.63,-2.67,2.67,-0.49,0.49,199.3,-199.3,341.23,-341.23,-5.89,5.89,-13.18,13.18,175.12,-175.12,-1.55,1.55,-0.12,0.12,-0.38,0.38,362.38,-362.38,-404.05,404.05,91.19,-91.19,-1.63,1.63,313.98,-313.98,466.91,-466.91,219.0,-219.0,404.05,515.72,576.43,0.895
ED1,100087,column,P-70x70,H30,Piso4,2,Z,COL-I-1-Piso4,100424,100524,3.96,0.0,0.0,0.0,-139.19,139.19,76.2,-76.2,-0.01,0.01,46.83,-46.83,56.02,-56.02,98.09,-98.09,-96.73,96.73,45.98,-45.98,-0.01,0.01,28.48,-28.48,36.41,-36.41,65.57,-65.57,34.5,-34.5,-0.11,0.11,-0.49,0.49,146.02,-146.02,298.95,-298.95,-3.36,3.36,-40.45,40.45,5.88,-5.88,-1.55,1.55,4.62,-4.62,9.92,-9.92,193.06,-193.06,-235.21,235.21,126.49,-126.49,-1.63,1.63,210.2,-210.2,368.93,-368.93,305.43,-305.43,235.21,478.95,550.01,0.871
ED1,100088,column,P-70x70,H30,Piso4,2,Z,COL-I'-3-Piso4,100405,100505,3.96,0.0,0.0,0.0,-40.32,40.32,-20.07,20.07,-0.01,0.01,20.12,-20.12,24.76,-24.76,-26.17,26.17,-27.04,27.04,-12.37,12.37,-0.01,0.01,12.29,-12.29,15.45,-15.45,-17.38,17.38,-64.64,64.64,-3.2,3.2,-0.49,0.49,23.97,-23.97,168.31,-168.31,-8.24,8.24,55.24,-55.24,24.37,-24.37,-1.55,1.55,-0.91,0.91,-5.79,5.79,203.14,-203.14,-84.1,84.1,-17.04,17.04,-1.63,1.63,53.3,-53.3,187.35,-187.35,101.38,-101.38,84.1,213.02,526.36,0.405
ED1,100089,column,P-70x70,H30,Piso4,2,Z,COL-I'-2-Piso4,100415,100515,3.96,0.0,0.0,0.0,-92.89,92.89,-7.39,7.39,-0.01,0.01,47.2,-47.2,56.8,-56.8,-9.29,9.29,-62.86,62.86,-4.77,4.77,-0.01,0.01,28.52,-28.52,35.09,-35.09,-6.58,6.58,-63.95,63.95,-4.87,4.87,-0.49,0.49,43.54,-43.54,182.96,-182.96,-9.33,9.33,-12.87,12.87,170.82,-170.82,-1.55,1.55,0.11,-0.11,-0.15,0.15,354.35,-354.35,-222.95,222.95,111.58,-111.58,-1.63,1.63,114.99,-114.99,256.43,-256.43,241.5,-241.5,222.95,352.25,548.09,0.643
ED1,100090,column,P-70x70,H30,Piso4,2,Z,COL-I'-1-Piso4,100425,100525,3.96,0.0,0.0,0.0,-50.51,50.51,29.44,-29.44,-0.01,0.01,24.82,-24.82,30.46,-30.46,40.09,-40.09,-33.87,33.87,17.64,-17.64,-0.01,0.01,15.1,-15.1,18.96,-18.96,26.77,-26.77,-63.38,63.38,1.37,-1.37,-0.49,0.49,25.1,-25.1,172.38,-172.38,-2.3,2.3,-42.41,42.41,4.99,-4.99,-1.55,1.55,0.79,-0.79,6.03,-6.03,188.39,-188.39,-173.24,173.24,52.06,-52.06,-1.63,1.63,63.1,-63.1,209.08,-209.08,206.09,-206.09,173.24,293.58,540.31,0.543
ED1,100091,beam,V-60x80,H30,Subterraneo,1,X,V-3-EF-Subterraneo,100100,100101,10.0,18.128,9.517,5.333,0.0,-0.0,-0.0,0.0,-1.25,1.25,-74.0,74.0,79.97,-79.97,-0.0,0.0,0.0,-0.0,-0.0,0.0,-0.7,0.7,-41.57,41.57,44.71,-44.71,-0.0,0.0,0.0,-0.0,0.0,-0.0,1.15,-1.15,690.83,-690.83,655.11,-655.11,0.0,-0.0,0.0,-0.0,-0.0,0.0,10.79,-10.79,-23.45,23.45,-22.12,22.12,-0.0,0.0,0.0,-0.0,-0.0,0.0,7.18,-7.18,488.58,-488.58,697.68,-697.68,-0.0,0.0,-0.0,697.68,,
ED1,100092,beam,V-60x80,H30,Subterraneo,1,X,V-3-FG-Subterraneo,100101,100102,10.0,18.128,9.517,5.333,0.0,-0.0,-0.0,0.0,-0.09,0.09,-79.91,79.91,78.81,-78.81,-0.0,0.0,0.0,-0.0,-0.0,0.0,-0.05,0.05,-44.81,44.81,44.13,-44.13,-0.0,0.0,0.0,-0.0,0.0,-0.0,1.07,-1.07,624.45,-624.45,626.1,-626.1,0.0,-0.0,0.0,-0.0,0.0,-0.0,-1.46,1.46,-23.89,23.89,-23.89,23.89,0.0,-0.0,0.0,-0.0,0.0,-0.0,-0.27,0.27,419.37,-419.37,668.52,-668.52,0.0,-0.0,-0.0,668.52,,
ED1,100093,beam,V-60x80,H30,Subterraneo,1,X,V-3-GH-Subterraneo,100102,100103,10.0,18.128,9.517,5.333,0.0,-0.0,0.0,-0.0,0.01,-0.01,-79.65,79.65,79.05,-79.05,0.0,-0.0,0.0,-0.0,0.0,-0.0,0.01,-0.01,-44.68,44.68,44.25,-44.25,0.0,-0.0,0.0,-0.0,0.0,-0.0,1.14,-1.14,628.52,-628.52,629.49,-629.49,0.0,-0.0,0.0,-0.0,0.0,-0.0,4.6,-4.6,-22.51,22.51,-22.6,22.6,0.0,-0.0,0.0,-0.0,0.0,-0.0,4.49,-4.49,424.47,-424.47,672.89,-672.89,0.0,-0.0,-0.0,672.89,,
ED1,100094,beam,V-60x80,H30,Subterraneo,1,X,V-3-HI-Subterraneo,100103,100104,10.0,18.128,9.517,5.333,0.0,-0.0,-0.0,0.0,0.72,-0.72,-80.92,80.92,74.51,-74.51,-0.0,0.0,0.0,-0.0,-0.0,0.0,0.4,-0.4,-45.36,45.36,41.73,-41.73,-0.0,0.0,0.0,-0.0,0.0,-0.0,1.15,-1.15,610.78,-610.78,584.15,-584.15,0.0,-0.0,0.0,-0.0,-0.0,0.0,4.72,-4.72,-21.96,21.96,-21.01,21.01,-0.0,0.0,0.0,-0.0,-0.0,0.0,5.69,-5.69,406.95,-406.95,626.22,-626.22,-0.0,0.0,-0.0,626.22,,
ED1,100095,beam,V-60x80,H30,Subterraneo,1,X,V-3-II'-Subterraneo,100104,100105,5.0,9.064,9.517,5.333,0.0,-0.0,-0.0,0.0,2.51,-2.51,-23.28,23.28,20.2,-20.2,-0.0,0.0,0.0,-0.0,-0.0,0.0,1.41,-1.41,-12.92,12.92,11.45,-11.45,-0.0,0.0,0.0,-0.0,0.0,-0.0,0.98,-0.98,1097.69,-1097.69,1160.41,-1160.41,0.0,-0.0,0.0,-0.0,0.0,-0.0,4.5,-4.5,-39.65,39.65,-41.85,41.85,0.0,-0.0,0.0,-0.0,0.0,-0.0,8.19,-8.19,921.99,-921.99,1044.63,-1044.63,0.0,-0.0,-0.0,1044.63,,
ED1,100096,beam,V-60x80,H30,Subterraneo,1,X,V-2-EF-Subterraneo,100110,100111,10.0,40.377,21.198,11.879,0.0,-0.0,-0.0,0.0,-0.58,0.58,-165.85,165.85,178.06,-178.06,-0.0,0.0,0.0,-0.0,-0.0,0.0,-0.33,0.33,-93.1,93.1,99.61,-99.61,-0.0,0.0,0.0,-0.0,0.0,-0.0,1.06,-1.06,646.04,-646.04,601.29,-601.29,0.0,-0.0,0.0,-0.0,-0.0,0.0,14.7,-14.7,-1.61,1.61,-1.51,1.51,-0.0,0.0,0.0,-0.0,-0.0,0.0,11.07,-11.07,321.28,-321.28,817.7,-817.7,-0.0,0.0,-0.0,817.7,,
ED1,100097,beam,V-60x80,H30,Subterraneo,1,X,V-2-FG-Subterraneo,100111,100112,10.0,40.377,21.198,11.879,0.0,-0.0,-0.0,0.0,-0.06,0.06,-177.52,177.52,176.01,-176.01,-0.0,0.0,0.0,-0.0,-0.0,0.0,-0.03,0.03,-99.5,99.5,98.6,-98.6,-0.0,0.0,0.0,-0.0,0.0,-0.0,0.81,-0.81,563.87,-563.87,566.45,-566.45,0.0,-0.0,0.0,-0.0,0.0,-0.0,-6.95,6.95,-1.2,1.2,-1.22,1.22,0.0,-0.0,0.0,-0.0,0.0,-0.0,-4.58,4.58,229.56,-229.56,783.51,-783.51,0.0,-0.0,-0.0,783.51,,
ED1,100098,beam,V-60x80,H30,Subterraneo,1,X,V-2-GH-Subterraneo,100112,100113,10.0,40.377,21.198,11.879,0.0,-0.0,0.0,-0.0,0.01,-0.01,-176.86,176.86,176.62,-176.62,0.0,-0.0,0.0,-0.0,0.0,-0.0,0.0,-0.0,-99.15,99.15,98.93,-98.93,0.0,-0.0,0.0,-0.0,0.0,-0.0,0.95,-0.95,569.68,-569.68,570.66,-570.66,0.0,-0.0,0.0,-0.0,0.0,-0.0,3.72,-3.72,-1.34,1.34,-1.33,1.33,0.0,-0.0,0.0,-0.0,0.0,-0.0,3.65,-3.65,235.7,-235.7,788.15,-788.15,0.0,-0.0,-0.0,788.15,,
ED1,100099,beam,V-60x80,H30,Subterraneo,1,X,V-2-HI-Subterraneo,100113,100114,10.0,40.377,21.198,11.879,0.0,-0.0,-0.0,0.0,0.34,-0.34,-179.11,179.11,167.7,-167.7,-0.0,0.0,0.0,-0.0,-0.0,0.0,0.19,-0.19,-100.35,100.35,93.97,-93.97,-0.0,0.0,0.0,-0.0,0.0,-0.0,0.96,-0.96,555.77,-555.77,532.63,-532.63,0.0,-0.0,0.0,-0.0,-0.0,0.0,3.92,-3.92,-1.29,1.29,-1.23,1.23,-0.0,0.0,0.0,-0.0,-0.0,0.0,4.34,-4.34,219.77,-219.77,740.11,-740.11,-0.0,0.0,-0.0,740.11,,
ED1,100100,beam,V-60x80,H30,Subterraneo,1,X,V-2-II'-Subterraneo,100114,100115,5.0,20.189,21.198,11.879,0.0,-0.0,-0.0,0.0,1.21,-1.21,-49.45,49.45,46.44,-46.44,-0.0,0.0,0.0,-0.0,-0.0,0.0,0.68,-0.68,-27.38,27.38,26.36,-26.36,-0.0,0.0,0.0,-0.0,0.0,-0.0,0.88,-0.88,1011.24,-1011.24,1090.86,-1090.86,0.0,-0.0,0.0,-0.0,0.0,-0.0,3.73,-3.73,-2.36,2.36,-2.55,2.55,0.0,-0.0,0.0,-0.0,0.0,-0.0,5.49,-5.49,831.52,-831.52,1052.67,-1052.67,0.0,-0.0,-0.0,1052.67,,
ED1,100101,beam,V-60x80,H30,Subterraneo,1,X,V-1-EF-Subterraneo,100120,100121,10.0,22.25,11.681,6.546,0.0,-0.0,-0.0,0.0,1.89,-1.89,-90.87,90.87,98.22,-98.22,-0.0,0.0,0.0,-0.0,-0.0,0.0,1.06,-1.06,-51.03,51.03,54.93,-54.93,-0.0,0.0,0.0,-0.0,0.0,-0.0,1.27,-1.27,703.52,-703.52,667.22,-667.22,0.0,-0.0,0.0,-0.0,-0.0,0.0,11.55,-11.55,25.48,-25.48,24.06,-24.06,-0.0,0.0,0.0,-0.0,-0.0,0.0,12.76,-12.76,510.38,-510.38,771.69,-771.69,-0.0,0.0,-0.0,771.69,,
ED1,100102,beam,V-60x80,H30,Subterraneo,1,X,V-1-FG-Subterraneo,100121,100122,10.0,22.25,11.681,6.546,0.0,-0.0,-0.0,0.0,0.15,-0.15,-97.98,97.98,96.83,-96.83,-0.0,0.0,0.0,-0.0,-0.0,0.0,0.09,-0.09,-54.94,54.94,54.23,-54.23,-0.0,0.0,0.0,-0.0,0.0,-0.0,1.09,-1.09,636.13,-636.13,637.8,-637.8,0.0,-0.0,0.0,-0.0,0.0,-0.0,-1.88,1.88,25.52,-25.52,25.53,-25.53,0.0,-0.0,0.0,-0.0,0.0,-0.0,-0.19,0.19,438.74,-438.74,744.22,-744.22,0.0,-0.0,-0.0,744.22,,
ED1,100103,beam,V-60x80,H30,Subterraneo,1,X,V-1-GH-Subterraneo,100122,100123,10.0,22.25,11.681,6.546,0.0,-0.0,0.0,-0.0,-0.02,0.02,-97.67,97.67,97.11,-97.11,0.0,-0.0,0.0,-0.0,0.0,-0.0,-0.01,0.01,-54.77,54.77,54.38,-54.38,0.0,-0.0,0.0,-0.0,0.0,-0.0,1.18,-1.18,640.22,-640.22,641.21,-641.21,0.0,-0.0,0.0,-0.0,0.0,-0.0,4.75,-4.75,24.27,-24.27,24.36,-24.36,0.0,-0.0,0.0,-0.0,0.0,-0.0,4.59,-4.59,441.95,-441.95,746.85,-746.85,0.0,-0.0,-0.0,746.85,,
ED1,100104,beam,V-60x80,H30,Subterraneo,1,X,V-1-HI-Subterraneo,100123,100124,10.0,22.25,11.681,6.546,0.0,-0.0,-0.0,0.0,-1.09,1.09,-99.2,99.2,91.63,-91.63,-0.0,0.0,0.0,-0.0,-0.0,0.0,-0.61,0.61,-55.59,55.59,51.33,-51.33,-0.0,0.0,0.0,-0.0,0.0,-0.0,1.18,-1.18,622.15,-622.15,595.03,-595.03,0.0,-0.0,0.0,-0.0,-0.0,0.0,4.89,-4.89,23.66,-23.66,22.63,-22.63,-0.0,0.0,0.0,-0.0,-0.0,0.0,3.02,-3.02,422.89,-422.89,695.47,-695.47,-0.0,0.0,-0.0,695.47,,
ED1,100105,beam,V-60x80,H30,Subterraneo,1,X,V-1-II'-Subterraneo,100124,100125,5.0,11.125,11.681,6.546,0.0,-0.0,-0.0,0.0,-3.85,3.85,-28.33,28.33,24.98,-24.98,-0.0,0.0,0.0,-0.0,-0.0,0.0,-2.16,2.16,-15.7,15.7,14.17,-14.17,-0.0,0.0,0.0,-0.0,0.0,-0.0,1.2,-1.2,1118.02,-1118.02,1181.75,-1181.75,0.0,-0.0,0.0,-0.0,0.0,-0.0,4.66,-4.66,42.71,-42.71,45.08,-45.08,0.0,-0.0,0.0,-0.0,0.0,-0.0,-1.44,1.44,994.21,-994.21,1136.54,-1136.54,0.0,-0.0,-0.0,1136.54,,
ED1,100106,beam,V-60x80,H30,Subterraneo,1,Y,V-E-32-Subterraneo,100100,100110,7.251,18.128,13.125,7.355,0.0,-0.0,0.0,-0.0,2.78,-2.78,-53.64,53.64,59.07,-59.07,0.0,-0.0,0.0,-0.0,0.0,-0.0,1.56,-1.56,-30.14,30.14,33.01,-33.01,0.0,-0.0,0.0,-0.0,0.0,-0.0,-6.91,6.91,25.53,-25.53,24.2,-24.2,0.0,-0.0,0.0,-0.0,0.0,-0.0,4.87,-4.87,1119.58,-1119.58,1052.41,-1052.41,0.0,-0.0,0.0,-0.0,0.0,-0.0,1.78,-1.78,778.88,-778.88,903.17,-903.17,0.0,-0.0,-0.0,903.17,,
ED1,100107,beam,V-60x80,H30,Subterraneo,1,Y,V-E-21-Subterraneo,100110,100120,8.9,22.25,13.125,7.355,0.0,-0.0,-0.0,0.0,-1.81,1.81,-84.66,84.66,81.31,-81.31,-0.0,0.0,0.0,-0.0,-0.0,0.0,-1.02,1.02,-47.31,47.31,45.68,-45.68,-0.0,0.0,0.0,-0.0,-0.0,0.0,7.78,-7.78,17.51,-17.51,19.0,-19.0,-0.0,0.0,0.0,-0.0,0.0,-0.0,4.85,-4.85,879.68,-879.68,946.09,-946.09,0.0,-0.0,0.0,-0.0,-0.0,0.0,7.82,-7.82,543.54,-543.54,853.66,-853.66,-0.0,0.0,-0.0,853.66,,
ED1,100108,beam,V-60x80,H30,Subterraneo,1,Y,V-F-32-Subterraneo,100101,100111,7.251,36.255,26.25,14.71,0.0,-0.0,0.0,-0.0,-0.06,0.06,-108.41,108.41,117.2,-117.2,0.0,-0.0,0.0,-0.0,0.0,-0.0,-0.03,0.03,-60.96,60.96,65.45,-65.45,0.0,-0.0,0.0,-0.0,0.0,-0.0,-12.3,12.3,12.72,-12.72,11.68,-11.68,0.0,-0.0,0.0,-0.0,0.0,-0.0,4.14,-4.14,1001.44,-1001.44,921.82,-921.82,0.0,-0.0,0.0,-0.0,0.0,-0.0,-8.05,8.05,593.15,-593.15,884.53,-884.53,0.0,-0.0,-0.0,884.53,,
ED1,100109,beam,V-60x80,H30,Subterraneo,1,Y,V-F-21-Subterraneo,100111,100121,8.9,44.5,26.25,14.71,0.0,-0.0,-0.0,0.0,0.04,-0.04,-169.38,169.38,163.46,-163.46,-0.0,0.0,0.0,-0.0,-0.0,0.0,0.02,-0.02,-94.71,94.71,91.79,-91.79,-0.0,0.0,0.0,-0.0,-0.0,0.0,11.89,-11.89,10.11,-10.11,11.06,-11.06,-0.0,0.0,0.0,-0.0,0.0,-0.0,4.11,-4.11,771.86,-771.86,846.44,-846.44,0.0,-0.0,0.0,-0.0,-0.0,0.0,13.85,-13.85,323.91,-323.91,900.03,-900.03,-0.0,0.0,-0.0,900.03,,
ED1,100110,beam,V-60x80,H30,Subterraneo,1,Y,V-G-32-Subterraneo,100102,100112,7.251,36.255,26.25,14.71,0.0,-0.0,0.0,-0.0,0.01,-0.01,-107.8,107.8,117.72,-117.72,0.0,-0.0,0.0,-0.0,0.0,-0.0,0.01,-0.01,-60.63,60.63,65.73,-65.73,0.0,-0.0,0.0,-0.0,0.0,-0.0,-11.74,11.74,3.79,-3.79,3.56,-3.56,0.0,-0.0,0.0,-0.0,0.0,-0.0,4.13,-4.13,1036.47,-1036.47,974.32,-974.32,0.0,-0.0,0.0,-0.0,0.0,-0.0,-7.45,7.45,612.33,-612.33,917.4,-917.4,0.0,-0.0,-0.0,917.4,,
ED1,100111,beam,V-60x80,H30,Subterraneo,1,Y,V-G-21-Subterraneo,100112,100122,8.9,44.5,26.25,14.71,0.0,-0.0,-0.0,0.0,-0.01,0.01,-169.36,169.36,162.91,-162.91,-0.0,0.0,0.0,-0.0,-0.0,0.0,-0.0,0.0,-94.69,94.69,91.49,-91.49,-0.0,0.0,0.0,-0.0,-0.0,0.0,11.45,-11.45,2.97,-2.97,3.2,-3.2,-0.0,0.0,0.0,-0.0,0.0,-0.0,4.12,-4.12,814.46,-814.46,875.9,-875.9,0.0,-0.0,0.0,-0.0,-0.0,0.0,13.38,-13.38,349.47,-349.47,914.2,-914.2,-0.0,0.0,-0.0,914.2,,
ED1,100112,beam,V-60x80,H30,Subterraneo,1,Y,V-H-32-Subterraneo,100103,100113,7.251,36.255,26.25,14.71,0.0,-0.0,0.0,-0.0,0.07,-0.07,-107.92,107.92,117.62,-117.62,0.0,-0.0,0.0,-0.0,0.0,-0.0,0.04,-0.04,-60.7,60.7,65.67,-65.67,0.0,-0.0,0.0,-0.0,0.0,-0.0,-11.74,11.74,-6.29,6.29,-5.91,5.91,0.0,-0.0,0.0,-0.0,0.0,-0.0,4.2,-4.2,995.97,-995.97,936.63,-936.63,0.0,-0.0,0.0,-0.0,0.0,-0.0,-7.31,7.31,572.7,-572.7,880.45,-880.45,0.0,-0.0,-0.0,880.45,,
ED1,100113,beam,V-60x80,H30,Subterraneo,1,Y,V-H-21-Subterraneo,100113,100123,8.9,44.5,26.25,14.71,0.0,-0.0,-0.0,0.0,-0.05,0.05,-169.32,169.32,163.02,-163.02,-0.0,0.0,0.0,-0.0,-0.0,0.0,-0.03,0.03,-94.67,94.67,91.55,-91.55,-0.0,0.0,0.0,-0.0,-0.0,0.0,11.45,-11.45,-5.0,5.0,-5.36,5.36,-0.0,0.0,0.0,-0.0,0.0,-0.0,4.17,-4.17,783.0,-783.0,841.75,-841.75,0.0,-0.0,0.0,-0.0,-0.0,0.0,13.36,-13.36,318.77,-318.77,881.05,-881.05,-0.0,0.0,-0.0,881.05,,
ED1,100114,beam,V-60x80,H30,Subterraneo,1,Y,V-I-32-Subterraneo,100104,100114,7.251,27.191,19.688,11.033,0.0,-0.0,0.0,-0.0,-1.91,1.91,-80.77,80.77,88.45,-88.45,0.0,-0.0,0.0,-0.0,0.0,-0.0,-1.08,1.08,-45.41,45.41,49.41,-49.41,0.0,-0.0,0.0,-0.0,0.0,-0.0,-9.65,9.65,-15.83,15.83,-14.84,14.84,0.0,-0.0,0.0,-0.0,0.0,-0.0,3.66,-3.66,954.44,-954.44,897.64,-897.64,0.0,-0.0,0.0,-0.0,0.0,-0.0,-8.93,8.93,575.4,-575.4,797.73,-797.73,0.0,-0.0,-0.0,797.73,,
ED1,100115,beam,V-60x80,H30,Subterraneo,1,Y,V-I-21-Subterraneo,100114,100124,8.9,33.375,19.688,11.033,0.0,-0.0,-0.0,0.0,1.24,-1.24,-127.15,127.15,122.28,-122.28,-0.0,0.0,0.0,-0.0,-0.0,0.0,0.7,-0.7,-71.09,71.09,68.67,-68.67,-0.0,0.0,0.0,-0.0,-0.0,0.0,9.51,-9.51,-13.24,13.24,-14.18,14.18,-0.0,0.0,0.0,-0.0,0.0,-0.0,3.64,-3.64,750.43,-750.43,806.67,-806.67,0.0,-0.0,0.0,-0.0,-0.0,0.0,13.23,-13.23,352.67,-352.67,783.2,-783.2,-0.0,0.0,-0.0,783.2,,
ED1,100116,beam,V-60x80,H30,Subterraneo,1,Y,V-I'-32-Subterraneo,100105,100115,7.251,9.064,6.562,3.678,0.0,-0.0,0.0,-0.0,-0.79,0.79,-26.73,26.73,29.55,-29.55,0.0,-0.0,0.0,-0.0,0.0,-0.0,-0.45,0.45,-15.01,15.01,16.52,-16.52,0.0,-0.0,0.0,-0.0,0.0,-0.0,-4.6,4.6,-23.43,23.43,-22.26,22.26,0.0,-0.0,0.0,-0.0,0.0,-0.0,4.26,-4.26,933.49,-933.49,877.91,-877.91,0.0,-0.0,0.0,-0.0,0.0,-0.0,-2.19,2.19,637.3,-637.3,684.46,-684.46,0.0,-0.0,-0.0,684.46,,
ED1,100117,beam,V-60x80,H30,Subterraneo,1,Y,V-I'-21-Subterraneo,100115,100125,8.9,11.125,6.562,3.678,0.0,-0.0,-0.0,0.0,0.53,-0.53,-42.15,42.15,40.58,-40.58,-0.0,0.0,0.0,-0.0,-0.0,0.0,0.3,-0.3,-23.53,23.53,22.82,-22.82,-0.0,0.0,0.0,-0.0,-0.0,0.0,5.64,-5.64,-15.34,15.34,-16.7,16.7,-0.0,0.0,0.0,-0.0,0.0,-0.0,4.26,-4.26,733.97,-733.97,788.99,-788.99,0.0,-0.0,0.0,-0.0,-0.0,0.0,9.1,-9.1,470.98,-470.98,640.12,-640.12,-0.0,0.0,-0.0,640.12,,
ED1,100118,beam,V-60x80,H30,Piso1,1,X,V-3-EF-Piso1,100200,100201,10.0,18.128,9.517,5.333,0.0,-0.0,0.0,-0.0,-1.2,1.2,-79.53,79.53,75.73,-75.73,0.0,-0.0,0.0,-0.0,-0.0,0.0,-0.68,0.68,-44.8,44.8,42.22,-42.22,-0.0,0.0,0.0,-0.0,0.0,-0.0,1.1,-1.1,639.24,-639.24,612.71,-612.71,0.0,-0.0,0.0,-0.0,0.0,-0.0,9.0,-9.0,-19.08,19.08,-18.12,18.12,0.0,-0.0,0.0,-0.0,0.0,-0.0,5.87,-5.87,436.68,-436.68,655.8,-655.8,0.0,-0.0,-0.0,655.8,,
ED1,100119,beam,V-60x80,H30,Piso1,1,X,V-3-FG-Piso1,100201,100202,10.0,18.128,9.517,5.333,0.0,-0.0,0.0,-0.0,0.03,-0.03,-80.5,80.5,77.98,-77.98,0.0,-0.0,0.0,-0.0,-0.0,0.0,0.02,-0.02,-45.16,45.16,43.63,-43.63,-0.0,0.0,0.0,-0.0,0.0,-0.0,1.06,-1.06,592.67,-592.67,593.41,-593.41,0.0,-0.0,0.0,-0.0,-0.0,0.0,-1.0,1.0,-22.32,22.32,-22.24,22.24,-0.0,0.0,0.0,-0.0,-0.0,0.0,0.26,-0.26,391.0,-391.0,639.0,-639.0,-0.0,0.0,-0.0,639.0,,
ED1,100120,beam,V-60x80,H30,Piso1,1,X,V-3-GH-Piso1,100202,100203,10.0,18.128,9.517,5.333,0.0,-0.0,0.0,-0.0,0.01,-0.01,-80.84,80.84,77.76,-77.76,0.0,-0.0,0.0,-0.0,-0.0,0.0,0.01,-0.01,-45.38,45.38,43.49,-43.49,-0.0,0.0,0.0,-0.0,-0.0,0.0,1.12,-1.12,594.05,-594.05,594.26,-594.26,-0.0,0.0,0.0,-0.0,-0.0,0.0,3.96,-3.96,-19.77,19.77,-19.88,19.88,-0.0,0.0,0.0,-0.0,-0.0,0.0,4.0,-4.0,393.59,-393.59,641.17,-641.17,-0.0,0.0,-0.0,641.17,,
ED1,100121,beam,V-60x80,H30,Piso1,1,X,V-3-HI-Piso1,100203,100204,10.0,18.128,9.517,5.333,0.0,-0.0,0.0,-0.0,0.63,-0.63,-80.64,80.64,75.04,-75.04,0.0,-0.0,0.0,-0.0,-0.0,0.0,0.36,-0.36,-45.21,45.21,42.02,-42.02,-0.0,0.0,0.0,-0.0,-0.0,0.0,1.13,-1.13,587.17,-587.17,568.41,-568.41,-0.0,0.0,0.0,-0.0,0.0,-0.0,4.05,-4.05,-19.73,19.73,-19.11,19.11,0.0,-0.0,0.0,-0.0,0.0,-0.0,5.04,-5.04,387.82,-387.82,614.3,-614.3,0.0,-0.0,-0.0,614.3,,
ED1,100122,beam,V-60x80,H30,Piso1,1,X,V-3-II'-Piso1,100204,100205,5.0,9.064,9.517,5.333,0.0,-0.0,-0.0,0.0,2.23,-2.23,-15.82,15.82,26.84,-26.84,-0.0,0.0,0.0,-0.0,0.0,-0.0,1.25,-1.25,-8.58,8.58,15.32,-15.32,0.0,-0.0,0.0,-0.0,0.0,-0.0,0.91,-0.91,1015.01,-1015.01,1064.24,-1064.24,0.0,-0.0,0.0,-0.0,-0.0,0.0,3.86,-3.86,-34.22,34.22,-35.8,35.8,-0.0,0.0,0.0,-0.0,-0.0,0.0,7.2,-7.2,863.45,-863.45,973.13,-973.13,-0.0,0.0,-0.0,973.13,,
ED1,100123,beam,V-60x80,H30,Piso1,1,X,V-2-EF-Piso1,100210,100211,10.0,40.377,21.198,11.879,0.0,-0.0,0.0,-0.0,-0.52,0.52,-175.11,175.11,171.05,-171.05,0.0,-0.0,0.0,-0.0,-0.0,0.0,-0.29,0.29,-98.5,98.5,95.51,-95.51,-0.0,0.0,0.0,-0.0,0.0,-0.0,1.05,-1.05,603.87,-603.87,569.3,-569.3,0.0,-0.0,0.0,-0.0,0.0,-0.0,12.73,-12.73,-1.39,1.39,-1.33,1.33,0.0,-0.0,0.0,-0.0,0.0,-0.0,9.68,-9.68,268.83,-268.83,777.92,-777.92,0.0,-0.0,-0.0,777.92,,
ED1,100124,beam,V-60x80,H30,Piso1,1,X,V-2-FG-Piso1,100211,100212,10.0,40.377,21.198,11.879,0.0,-0.0,0.0,-0.0,-0.03,0.03,-177.48,177.48,175.49,-175.49,0.0,-0.0,0.0,-0.0,-0.0,0.0,-0.02,0.02,-99.48,99.48,98.29,-98.29,-0.0,0.0,0.0,-0.0,0.0,-0.0,0.85,-0.85,543.98,-543.98,545.27,-545.27,0.0,-0.0,0.0,-0.0,-0.0,0.0,-5.78,5.78,-0.94,0.94,-0.95,0.95,-0.0,0.0,0.0,-0.0,-0.0,0.0,-3.62,3.62,211.92,-211.92,763.81,-763.81,-0.0,0.0,-0.0,763.81,,
ED1,100125,beam,V-60x80,H30,Piso1,1,X,V-2-GH-Piso1,100212,100213,10.0,40.377,21.198,11.879,0.0,-0.0,0.0,-0.0,0.01,-0.01,-178.09,178.09,175.16,-175.16,0.0,-0.0,0.0,-0.0,-0.0,0.0,0.0,-0.0,-99.88,99.88,98.07,-98.07,-0.0,0.0,0.0,-0.0,-0.0,0.0,0.97,-0.97,546.19,-546.19,546.32,-546.32,-0.0,0.0,0.0,-0.0,-0.0,0.0,3.37,-3.37,-1.13,1.13,-1.12,1.12,-0.0,0.0,0.0,-0.0,-0.0,0.0,3.41,-3.41,212.75,-212.75,764.07,-764.07,-0.0,0.0,-0.0,764.07,,
ED1,100126,beam,V-60x80,H30,Piso1,1,X,V-2-HI-Piso1,100213,100214,10.0,40.377,21.198,11.879,0.0,-0.0,0.0,-0.0,0.3,-0.3,-177.46,177.46,169.56,-169.56,0.0,-0.0,0.0,-0.0,-0.0,0.0,0.17,-0.17,-99.4,99.4,95.03,-95.03,-0.0,0.0,0.0,-0.0,-0.0,0.0,0.97,-0.97,542.42,-542.42,526.49,-526.49,-0.0,0.0,0.0,-0.0,0.0,-0.0,3.52,-3.52,-1.11,1.11,-1.08,1.08,0.0,-0.0,0.0,-0.0,0.0,-0.0,3.99,-3.99,210.49,-210.49,737.61,-737.61,0.0,-0.0,-0.0,737.61,,
ED1,100127,beam,V-60x80,H30,Piso1,1,X,V-2-II'-Piso1,100214,100215,5.0,20.189,21.198,11.879,0.0,-0.0,-0.0,0.0,1.07,-1.07,-32.98,32.98,61.6,-61.6,-0.0,0.0,0.0,-0.0,0.0,-0.0,0.6,-0.6,-17.77,17.77,35.22,-35.22,0.0,-0.0,0.0,-0.0,0.0,-0.0,0.87,-0.87,940.56,-940.56,1005.24,-1005.24,0.0,-0.0,0.0,-0.0,-0.0,0.0,3.32,-3.32,-1.92,1.92,-2.05,2.05,-0.0,0.0,0.0,-0.0,-0.0,0.0,4.94,-4.94,794.31,-794.31,1000.01,-1000.01,-0.0,0.0,-0.0,1000.01,,
ED1,100128,beam,V-60x80,H30,Piso1,1,X,V-1-EF-Piso1,100220,100221,10.0,22.25,11.681,6.546,0.0,-0.0,0.0,-0.0,1.64,-1.64,-97.21,97.21,93.38,-93.38,0.0,-0.0,0.0,-0.0,-0.0,0.0,0.92,-0.92,-54.74,54.74,52.09,-52.09,-0.0,0.0,0.0,-0.0,0.0,-0.0,1.25,-1.25,651.66,-651.66,624.66,-624.66,0.0,-0.0,0.0,-0.0,0.0,-0.0,9.57,-9.57,20.9,-20.9,19.88,-19.88,0.0,-0.0,0.0,-0.0,0.0,-0.0,10.87,-10.87,450.23,-450.23,722.58,-722.58,0.0,-0.0,-0.0,722.58,,
ED1,100129,beam,V-60x80,H30,Piso1,1,X,V-1-FG-Piso1,100221,100222,10.0,22.25,11.681,6.546,0.0,-0.0,0.0,-0.0,0.01,-0.01,-98.46,98.46,96.07,-96.07,0.0,-0.0,0.0,-0.0,-0.0,0.0,-0.0,0.0,-55.22,55.22,53.78,-53.78,-0.0,0.0,0.0,-0.0,0.0,-0.0,1.07,-1.07,604.35,-604.35,605.1,-605.1,0.0,-0.0,0.0,-0.0,-0.0,0.0,-1.35,1.35,23.67,-23.67,23.61,-23.61,-0.0,0.0,0.0,-0.0,-0.0,0.0,-0.04,0.04,408.0,-408.0,712.14,-712.14,-0.0,0.0,-0.0,712.14,,
ED1,100130,beam,V-60x80,H30,Piso1,1,X,V-1-GH-Piso1,100222,100223,10.0,22.25,11.681,6.546,0.0,-0.0,0.0,-0.0,-0.01,0.01,-98.84,98.84,95.83,-95.83,0.0,-0.0,0.0,-0.0,-0.0,0.0,-0.0,0.0,-55.47,55.47,53.62,-53.62,-0.0,0.0,0.0,-0.0,-0.0,0.0,1.15,-1.15,605.7,-605.7,605.92,-605.92,-0.0,0.0,0.0,-0.0,-0.0,0.0,4.06,-4.06,21.32,-21.32,21.43,-21.43,-0.0,0.0,0.0,-0.0,-0.0,0.0,4.07,-4.07,406.81,-406.81,710.84,-710.84,-0.0,0.0,-0.0,710.84,,
ED1,100131,beam,V-60x80,H30,Piso1,1,X,V-1-HI-Piso1,100223,100224,10.0,22.25,11.681,6.546,0.0,-0.0,0.0,-0.0,-0.86,0.86,-98.58,98.58,92.54,-92.54,0.0,-0.0,0.0,-0.0,-0.0,0.0,-0.48,0.48,-55.25,55.25,51.84,-51.84,-0.0,0.0,0.0,-0.0,-0.0,0.0,1.14,-1.14,598.67,-598.67,579.53,-579.53,-0.0,0.0,0.0,-0.0,0.0,-0.0,4.15,-4.15,21.24,-21.24,20.58,-20.58,0.0,-0.0,0.0,-0.0,0.0,-0.0,2.81,-2.81,400.9,-400.9,681.39,-681.39,0.0,-0.0,-0.0,681.39,,
ED1,100132,beam,V-60x80,H30,Piso1,1,X,V-1-II'-Piso1,100224,100225,5.0,11.125,11.681,6.546,0.0,-0.0,-0.0,0.0,-3.13,3.13,-18.83,18.83,33.53,-33.53,-0.0,0.0,0.0,-0.0,0.0,-0.0,-1.75,1.75,-10.17,10.17,19.16,-19.16,0.0,-0.0,0.0,-0.0,0.0,-0.0,1.21,-1.21,1034.91,-1034.91,1085.02,-1085.02,0.0,-0.0,0.0,-0.0,-0.0,0.0,3.97,-3.97,36.84,-36.84,38.54,-38.54,-0.0,0.0,0.0,-0.0,-0.0,0.0,-0.82,0.82,930.06,-930.06,1058.11,-1058.11,-0.0,0.0,-0.0,1058.11,,
ED1,100133,beam,V-60x80,H30,Piso1,1,Y,V-E-32-Piso1,100200,100210,7.251,18.128,13.125,7.355,0.0,-0.0,0.0,-0.0,2.41,-2.41,-59.58,59.58,53.34,-53.34,0.0,-0.0,0.0,-0.0,0.0,-0.0,1.36,-1.36,-33.6,33.6,29.66,-29.66,0.0,-0.0,0.0,-0.0,-0.0,0.0,-5.08,5.08,26.18,-26.18,25.16,-25.16,-0.0,0.0,0.0,-0.0,0.0,-0.0,4.17,-4.17,1070.6,-1070.6,1018.24,-1018.24,0.0,-0.0,0.0,-0.0,-0.0,0.0,2.33,-2.33,733.33,-733.33,869.32,-869.32,-0.0,0.0,-0.0,869.32,,
ED1,100134,beam,V-60x80,H30,Piso1,1,Y,V-E-21-Piso1,100210,100220,8.9,22.25,13.125,7.355,0.0,-0.0,0.0,-0.0,-1.59,1.59,-79.94,79.94,87.51,-87.51,0.0,-0.0,0.0,-0.0,-0.0,0.0,-0.89,0.89,-44.53,44.53,49.31,-49.31,-0.0,0.0,0.0,-0.0,0.0,-0.0,6.23,-6.23,16.55,-16.55,17.81,-17.81,0.0,-0.0,0.0,-0.0,0.0,-0.0,4.15,-4.15,856.02,-856.02,907.26,-907.26,0.0,-0.0,0.0,-0.0,0.0,-0.0,6.23,-6.23,532.44,-532.44,833.31,-833.31,0.0,-0.0,-0.0,833.31,,
ED1,100135,beam,V-60x80,H30,Piso1,1,Y,V-F-32-Piso1,100201,100211,7.251,36.255,26.25,14.71,0.0,-0.0,0.0,-0.0,0.15,-0.15,-120.29,120.29,105.49,-105.49,0.0,-0.0,0.0,-0.0,0.0,-0.0,0.09,-0.09,-67.89,67.89,58.61,-58.61,0.0,-0.0,0.0,-0.0,-0.0,0.0,-9.89,9.89,12.34,-12.34,11.48,-11.48,-0.0,0.0,0.0,-0.0,0.0,-0.0,3.64,-3.64,968.28,-968.28,904.06,-904.06,0.0,-0.0,0.0,-0.0,-0.0,0.0,-5.93,5.93,549.13,-549.13,852.47,-852.47,-0.0,0.0,-0.0,852.47,,
ED1,100136,beam,V-60x80,H30,Piso1,1,Y,V-F-21-Piso1,100211,100221,8.9,44.5,26.25,14.71,0.0,-0.0,0.0,-0.0,-0.1,0.1,-161.38,161.38,173.72,-173.72,0.0,-0.0,0.0,-0.0,-0.0,0.0,-0.06,0.06,-90.01,90.01,97.78,-97.78,-0.0,0.0,0.0,-0.0,0.0,-0.0,9.91,-9.91,10.21,-10.21,10.97,-10.97,0.0,-0.0,0.0,-0.0,0.0,-0.0,3.63,-3.63,762.39,-762.39,821.81,-821.81,0.0,-0.0,0.0,-0.0,0.0,-0.0,11.47,-11.47,329.59,-329.59,897.73,-897.73,0.0,-0.0,-0.0,897.73,,
ED1,100137,beam,V-60x80,H30,Piso1,1,Y,V-G-32-Piso1,100202,100212,7.251,36.255,26.25,14.71,0.0,-0.0,0.0,-0.0,0.03,-0.03,-120.72,120.72,105.25,-105.25,0.0,-0.0,0.0,-0.0,0.0,-0.0,0.02,-0.02,-68.17,68.17,58.44,-58.44,0.0,-0.0,0.0,-0.0,-0.0,0.0,-9.55,9.55,3.61,-3.61,3.43,-3.43,-0.0,0.0,0.0,-0.0,0.0,-0.0,3.58,-3.58,999.11,-999.11,950.11,-950.11,0.0,-0.0,0.0,-0.0,-0.0,0.0,-5.86,5.86,563.69,-563.69,879.35,-879.35,-0.0,0.0,-0.0,879.35,,
ED1,100138,beam,V-60x80,H30,Piso1,1,Y,V-G-21-Piso1,100212,100222,8.9,44.5,26.25,14.71,0.0,-0.0,0.0,-0.0,-0.02,0.02,-161.04,161.04,173.97,-173.97,0.0,-0.0,0.0,-0.0,-0.0,0.0,-0.01,0.01,-89.8,89.8,97.94,-97.94,-0.0,0.0,0.0,-0.0,0.0,-0.0,9.64,-9.64,2.87,-2.87,3.05,-3.05,0.0,-0.0,0.0,-0.0,0.0,-0.0,3.6,-3.6,798.79,-798.79,846.74,-846.74,0.0,-0.0,0.0,-0.0,0.0,-0.0,11.35,-11.35,350.84,-350.84,909.71,-909.71,0.0,-0.0,-0.0,909.71,,
ED1,100139,beam,V-60x80,H30,Piso1,1,Y,V-H-32-Piso1,100203,100213,7.251,36.255,26.25,14.71,0.0,-0.0,0.0,-0.0,0.01,-0.01,-120.86,120.86,105.12,-105.12,0.0,-0.0,0.0,-0.0,0.0,-0.0,0.0,-0.0,-68.25,68.25,58.37,-58.37,0.0,-0.0,0.0,-0.0,-0.0,0.0,-9.61,9.61,-6.25,6.25,-5.93,5.93,-0.0,0.0,0.0,-0.0,0.0,-0.0,3.66,-3.66,964.16,-964.16,917.06,-917.06,0.0,-0.0,0.0,-0.0,-0.0,0.0,-5.89,5.89,528.38,-528.38,845.95,-845.95,-0.0,0.0,-0.0,845.95,,
ED1,100140,beam,V-60x80,H30,Piso1,1,Y,V-H-21-Piso1,100213,100223,8.9,44.5,26.25,14.71,0.0,-0.0,0.0,-0.0,-0.0,0.0,-161.04,161.04,174.01,-174.01,0.0,-0.0,0.0,-0.0,-0.0,0.0,0.0,-0.0,-89.8,89.8,97.97,-97.97,-0.0,0.0,0.0,-0.0,0.0,-0.0,9.69,-9.69,-5.11,5.11,-5.41,5.41,0.0,-0.0,0.0,-0.0,0.0,-0.0,3.65,-3.65,771.02,-771.02,817.17,-817.17,0.0,-0.0,0.0,-0.0,0.0,-0.0,11.45,-11.45,322.82,-322.82,879.98,-879.98,0.0,-0.0,-0.0,879.98,,
ED1,100141,beam,V-60x80,H30,Piso1,1,Y,V-I-32-Piso1,100204,100214,7.251,27.191,19.688,11.033,0.0,-0.0,0.0,-0.0,-1.99,1.99,-89.82,89.82,79.72,-79.72,0.0,-0.0,0.0,-0.0,0.0,-0.0,-1.13,1.13,-50.68,50.68,44.31,-44.31,0.0,-0.0,0.0,-0.0,-0.0,0.0,-7.92,7.92,-15.34,15.34,-14.52,14.52,-0.0,0.0,0.0,-0.0,0.0,-0.0,3.31,-3.31,928.81,-928.81,883.38,-883.38,0.0,-0.0,0.0,-0.0,-0.0,0.0,-7.77,7.77,542.3,-542.3,773.49,-773.49,-0.0,0.0,-0.0,773.49,,
ED1,100142,beam,V-60x80,H30,Piso1,1,Y,V-I-21-Piso1,100214,100224,8.9,33.375,19.688,11.033,0.0,-0.0,0.0,-0.0,1.32,-1.32,-121.02,121.02,130.41,-130.41,0.0,-0.0,0.0,-0.0,-0.0,0.0,0.75,-0.75,-67.49,67.49,73.42,-73.42,-0.0,0.0,0.0,-0.0,0.0,-0.0,8.13,-8.13,-13.44,13.44,-14.18,14.18,0.0,-0.0,0.0,-0.0,0.0,-0.0,3.31,-3.31,742.72,-742.72,787.23,-787.23,0.0,-0.0,0.0,-0.0,0.0,-0.0,11.87,-11.87,356.44,-356.44,781.49,-781.49,0.0,-0.0,-0.0,781.49,,
ED1,100143,beam,V-60x80,H30,Piso1,1,Y,V-I'-32-Piso1,100205,100215,7.251,9.064,6.562,3.678,0.0,-0.0,0.0,-0.0,-1.02,1.02,-29.72,29.72,26.65,-26.65,0.0,-0.0,0.0,-0.0,0.0,-0.0,-0.59,0.59,-16.75,16.75,14.83,-14.83,0.0,-0.0,0.0,-0.0,-0.0,0.0,-3.3,3.3,-24.57,24.57,-23.69,23.69,-0.0,0.0,0.0,-0.0,0.0,-0.0,3.74,-3.74,910.11,-910.11,865.54,-865.54,0.0,-0.0,0.0,-0.0,-0.0,0.0,-1.77,1.77,613.99,-613.99,669.32,-669.32,-0.0,0.0,-0.0,669.32,,
ED1,100144,beam,V-60x80,H30,Piso1,1,Y,V-I'-21-Piso1,100215,100225,8.9,11.125,6.562,3.678,0.0,-0.0,0.0,-0.0,0.7,-0.7,-39.2,39.2,44.4,-44.4,0.0,-0.0,0.0,-0.0,-0.0,0.0,0.4,-0.4,-21.8,21.8,25.06,-25.06,-0.0,0.0,0.0,-0.0,0.0,-0.0,4.58,-4.58,-14.49,14.49,-15.68,15.68,0.0,-0.0,0.0,-0.0,0.0,-0.0,3.76,-3.76,727.75,-727.75,771.42,-771.42,0.0,-0.0,0.0,-0.0,0.0,-0.0,8.04,-8.04,471.76,-471.76,633.9,-633.9,0.0,-0.0,-0.0,633.9,,
ED1,100145,beam,V-60x80,H30,Piso2,1,X,V-3-EF-Piso2,100300,100301,10.0,18.128,9.517,5.333,0.0,-0.0,-0.0,0.0,-1.35,1.35,-81.46,81.46,73.28,-73.28,-0.0,0.0,0.0,-0.0,0.0,-0.0,-0.77,0.77,-45.86,45.86,40.78,-40.78,0.0,-0.0,0.0,-0.0,0.0,-0.0,0.8,-0.8,477.1,-477.1,456.15,-456.15,0.0,-0.0,0.0,-0.0,0.0,-0.0,6.61,-6.61,-12.72,12.72,-11.92,11.92,0.0,-0.0,0.0,-0.0,0.0,-0.0,3.55,-3.55,292.53,-292.53,515.66,-515.66,0.0,-0.0,-0.0,515.66,,
ED1,100146,beam,V-60x80,H30,Piso2,1,X,V-3-FG-Piso2,100301,100302,10.0,18.128,9.517,5.333,0.0,-0.0,-0.0,0.0,0.02,-0.02,-81.54,81.54,76.94,-76.94,-0.0,0.0,0.0,-0.0,-0.0,0.0,0.01,-0.01,-45.82,45.82,42.99,-42.99,-0.0,0.0,0.0,-0.0,0.0,-0.0,0.81,-0.81,443.0,-443.0,443.67,-443.67,0.0,-0.0,0.0,-0.0,0.0,-0.0,-0.79,0.79,-17.44,17.44,-17.33,17.33,0.0,-0.0,0.0,-0.0,0.0,-0.0,0.16,-0.16,258.26,-258.26,506.23,-506.23,0.0,-0.0,-0.0,506.23,,
ED1,100147,beam,V-60x80,H30,Piso2,1,X,V-3-GH-Piso2,100302,100303,10.0,18.128,9.517,5.333,0.0,-0.0,-0.0,0.0,0.02,-0.02,-81.9,81.9,76.69,-76.69,-0.0,0.0,0.0,-0.0,-0.0,0.0,0.01,-0.01,-46.03,46.03,42.85,-42.85,-0.0,0.0,0.0,-0.0,0.0,-0.0,0.85,-0.85,443.92,-443.92,443.81,-443.81,0.0,-0.0,0.0,-0.0,-0.0,0.0,2.87,-2.87,-14.29,14.29,-14.42,14.42,-0.0,0.0,0.0,-0.0,-0.0,0.0,2.96,-2.96,260.88,-260.88,508.17,-508.17,-0.0,0.0,-0.0,508.17,,
ED1,100148,beam,V-60x80,H30,Piso2,1,X,V-3-HI-Piso2,100303,100304,10.0,18.128,9.517,5.333,0.0,-0.0,-0.0,0.0,0.74,-0.74,-81.04,81.04,74.23,-74.23,-0.0,0.0,0.0,-0.0,-0.0,0.0,0.43,-0.43,-45.47,45.47,41.5,-41.5,-0.0,0.0,0.0,-0.0,-0.0,0.0,0.86,-0.86,445.13,-445.13,432.7,-432.7,-0.0,0.0,0.0,-0.0,0.0,-0.0,2.94,-2.94,-14.55,14.55,-14.15,14.15,0.0,-0.0,0.0,-0.0,0.0,-0.0,4.16,-4.16,263.19,-263.19,494.55,-494.55,0.0,-0.0,-0.0,494.55,,
ED1,100149,beam,V-60x80,H30,Piso2,1,X,V-3-II'-Piso2,100304,100305,5.0,9.064,9.517,5.333,0.0,-0.0,0.0,-0.0,2.51,-2.51,-13.2,13.2,29.61,-29.61,0.0,-0.0,0.0,-0.0,-0.0,0.0,1.44,-1.44,-7.09,7.09,16.92,-16.92,-0.0,0.0,0.0,-0.0,-0.0,0.0,0.61,-0.61,716.8,-716.8,755.73,-755.73,-0.0,0.0,0.0,-0.0,0.0,-0.0,2.78,-2.78,-23.46,23.46,-24.69,24.69,0.0,-0.0,0.0,-0.0,0.0,-0.0,6.58,-6.58,607.23,-607.23,708.18,-708.18,0.0,-0.0,-0.0,708.18,,
ED1,100150,beam,V-60x80,H30,Piso2,1,X,V-2-EF-Piso2,100310,100311,10.0,40.377,21.198,11.879,0.0,-0.0,-0.0,0.0,-0.57,0.57,-178.19,178.19,167.16,-167.16,-0.0,0.0,0.0,-0.0,0.0,-0.0,-0.32,0.32,-100.2,100.2,93.21,-93.21,0.0,-0.0,0.0,-0.0,0.0,-0.0,0.78,-0.78,449.53,-449.53,422.73,-422.73,0.0,-0.0,0.0,-0.0,0.0,-0.0,9.28,-9.28,-1.02,1.02,-0.98,0.98,0.0,-0.0,0.0,-0.0,0.0,-0.0,6.77,-6.77,125.42,-125.42,640.09,-640.09,0.0,-0.0,-0.0,640.09,,
ED1,100151,beam,V-60x80,H30,Piso2,1,X,V-2-FG-Piso2,100311,100312,10.0,40.377,21.198,11.879,0.0,-0.0,-0.0,0.0,-0.05,0.05,-178.32,178.32,174.57,-174.57,-0.0,0.0,0.0,-0.0,-0.0,0.0,-0.03,0.03,-100.03,100.03,97.72,-97.72,-0.0,0.0,0.0,-0.0,0.0,-0.0,0.64,-0.64,406.77,-406.77,407.8,-407.8,0.0,-0.0,0.0,-0.0,0.0,-0.0,-4.29,4.29,-0.56,0.56,-0.57,0.57,0.0,-0.0,0.0,-0.0,0.0,-0.0,-2.71,2.71,87.32,-87.32,638.88,-638.88,0.0,-0.0,-0.0,638.88,,
ED1,100152,beam,V-60x80,H30,Piso2,1,X,V-2-GH-Piso2,100312,100313,10.0,40.377,21.198,11.879,0.0,-0.0,-0.0,0.0,0.01,-0.01,-179.06,179.06,174.15,-174.15,-0.0,0.0,0.0,-0.0,-0.0,0.0,0.01,-0.01,-100.46,100.46,97.47,-97.47,-0.0,0.0,0.0,-0.0,0.0,-0.0,0.73,-0.73,408.01,-408.01,407.7,-407.7,0.0,-0.0,0.0,-0.0,-0.0,0.0,2.42,-2.42,-0.78,0.78,-0.77,0.77,-0.0,0.0,0.0,-0.0,-0.0,0.0,2.49,-2.49,87.11,-87.11,637.98,-637.98,-0.0,0.0,-0.0,637.98,,
ED1,100153,beam,V-60x80,H30,Piso2,1,X,V-2-HI-Piso2,100313,100314,10.0,40.377,21.198,11.879,0.0,-0.0,-0.0,0.0,0.35,-0.35,-177.0,177.0,169.2,-169.2,-0.0,0.0,0.0,-0.0,-0.0,0.0,0.2,-0.2,-99.14,99.14,94.77,-94.77,-0.0,0.0,0.0,-0.0,-0.0,0.0,0.74,-0.74,411.92,-411.92,402.18,-402.18,-0.0,0.0,0.0,-0.0,0.0,-0.0,2.54,-2.54,-0.77,0.77,-0.75,0.75,0.0,-0.0,0.0,-0.0,0.0,-0.0,3.12,-3.12,94.01,-94.01,625.37,-625.37,0.0,-0.0,-0.0,625.37,,
ED1,100154,beam,V-60x80,H30,Piso2,1,X,V-2-II'-Piso2,100314,100315,5.0,20.189,21.198,11.879,0.0,-0.0,0.0,-0.0,1.19,-1.19,-25.28,25.28,69.58,-69.58,0.0,-0.0,0.0,-0.0,-0.0,0.0,0.68,-0.68,-13.24,13.24,39.96,-39.96,-0.0,0.0,0.0,-0.0,-0.0,0.0,0.63,-0.63,659.38,-659.38,710.01,-710.01,-0.0,0.0,0.0,-0.0,0.0,-0.0,2.34,-2.34,-1.2,1.2,-1.3,1.3,0.0,-0.0,0.0,-0.0,0.0,-0.0,4.19,-4.19,554.02,-554.02,747.57,-747.57,0.0,-0.0,-0.0,747.57,,
ED1,100155,beam,V-60x80,H30,Piso2,1,X,V-1-EF-Piso2,100320,100321,10.0,22.25,11.681,6.546,0.0,-0.0,-0.0,0.0,1.84,-1.84,-99.29,99.29,90.7,-90.7,-0.0,0.0,0.0,-0.0,0.0,-0.0,1.05,-1.05,-55.87,55.87,50.51,-50.51,0.0,-0.0,0.0,-0.0,0.0,-0.0,0.97,-0.97,486.51,-486.51,465.18,-465.18,0.0,-0.0,0.0,-0.0,0.0,-0.0,7.14,-7.14,14.06,-14.06,13.21,-13.21,0.0,-0.0,0.0,-0.0,0.0,-0.0,9.12,-9.12,293.24,-293.24,569.78,-569.78,0.0,-0.0,-0.0,569.78,,
ED1,100156,beam,V-60x80,H30,Piso2,1,X,V-1-FG-Piso2,100321,100322,10.0,22.25,11.681,6.546,0.0,-0.0,-0.0,0.0,0.05,-0.05,-99.44,99.44,95.08,-95.08,-0.0,0.0,0.0,-0.0,-0.0,0.0,0.03,-0.03,-55.85,55.85,53.16,-53.16,-0.0,0.0,0.0,-0.0,0.0,-0.0,0.81,-0.81,451.91,-451.91,452.59,-452.59,0.0,-0.0,0.0,-0.0,0.0,-0.0,-1.18,1.18,18.3,-18.3,18.2,-18.2,0.0,-0.0,0.0,-0.0,0.0,-0.0,-0.07,0.07,265.16,-265.16,569.23,-569.23,0.0,-0.0,-0.0,569.23,,
ED1,100157,beam,V-60x80,H30,Piso2,1,X,V-1-GH-Piso2,100322,100323,10.0,22.25,11.681,6.546,0.0,-0.0,-0.0,0.0,-0.01,0.01,-99.85,99.85,94.82,-94.82,-0.0,0.0,0.0,-0.0,-0.0,0.0,-0.01,0.01,-56.08,56.08,53.01,-53.01,-0.0,0.0,0.0,-0.0,0.0,-0.0,0.87,-0.87,452.77,-452.77,452.67,-452.67,0.0,-0.0,0.0,-0.0,-0.0,0.0,2.94,-2.94,15.36,-15.36,15.49,-15.49,-0.0,0.0,0.0,-0.0,-0.0,0.0,2.97,-2.97,263.09,-263.09,566.84,-566.84,-0.0,0.0,-0.0,566.84,,
ED1,100158,beam,V-60x80,H30,Piso2,1,X,V-1-HI-Piso2,100323,100324,10.0,22.25,11.681,6.546,0.0,-0.0,-0.0,0.0,-1.0,1.0,-98.8,98.8,91.84,-91.84,-0.0,0.0,0.0,-0.0,-0.0,0.0,-0.58,0.58,-55.4,55.4,51.37,-51.37,-0.0,0.0,0.0,-0.0,-0.0,0.0,0.87,-0.87,453.99,-453.99,441.3,-441.3,-0.0,0.0,0.0,-0.0,0.0,-0.0,3.02,-3.02,15.62,-15.62,15.18,-15.18,0.0,-0.0,0.0,-0.0,0.0,-0.0,1.47,-1.47,266.1,-266.1,551.77,-551.77,0.0,-0.0,-0.0,551.77,,
ED1,100159,beam,V-60x80,H30,Piso2,1,X,V-1-II'-Piso2,100324,100325,5.0,11.125,11.681,6.546,0.0,-0.0,0.0,-0.0,-3.48,3.48,-15.15,15.15,37.41,-37.41,0.0,-0.0,0.0,-0.0,-0.0,0.0,-2.0,2.0,-8.06,8.06,21.43,-21.43,-0.0,0.0,0.0,-0.0,-0.0,0.0,0.96,-0.96,731.18,-731.18,770.8,-770.8,-0.0,0.0,0.0,-0.0,0.0,-0.0,2.86,-2.86,25.16,-25.16,26.48,-26.48,0.0,-0.0,0.0,-0.0,0.0,-0.0,-2.48,2.48,653.73,-653.73,772.43,-772.43,0.0,-0.0,-0.0,772.43,,
ED1,100160,beam,V-60x80,H30,Piso2,1,Y,V-E-32-Piso2,100300,100310,7.251,18.128,13.125,7.355,0.0,-0.0,-0.0,0.0,2.66,-2.66,-60.94,60.94,51.54,-51.54,-0.0,0.0,0.0,-0.0,-0.0,0.0,1.52,-1.52,-34.3,34.3,28.68,-28.68,-0.0,0.0,0.0,-0.0,-0.0,0.0,-3.88,3.88,20.78,-20.78,20.07,-20.07,-0.0,0.0,0.0,-0.0,0.0,-0.0,3.06,-3.06,794.6,-794.6,753.72,-753.72,0.0,-0.0,0.0,-0.0,-0.0,0.0,2.98,-2.98,519.42,-519.42,663.58,-663.58,-0.0,0.0,-0.0,663.58,,
ED1,100161,beam,V-60x80,H30,Piso2,1,Y,V-E-21-Piso2,100310,100320,8.9,22.25,13.125,7.355,0.0,-0.0,-0.0,0.0,-1.73,1.73,-76.89,76.89,89.73,-89.73,-0.0,0.0,0.0,-0.0,-0.0,0.0,-0.99,0.99,-42.73,42.73,50.53,-50.53,-0.0,0.0,0.0,-0.0,0.0,-0.0,4.74,-4.74,11.42,-11.42,12.46,-12.46,0.0,-0.0,0.0,-0.0,0.0,-0.0,3.04,-3.04,642.2,-642.2,681.62,-681.62,0.0,-0.0,0.0,-0.0,0.0,-0.0,3.82,-3.82,372.31,-372.31,662.69,-662.69,0.0,-0.0,-0.0,662.69,,
ED1,100162,beam,V-60x80,H30,Piso2,1,Y,V-F-32-Piso2,100301,100311,7.251,36.255,26.25,14.71,0.0,-0.0,-0.0,0.0,0.22,-0.22,-124.49,124.49,100.51,-100.51,-0.0,0.0,0.0,-0.0,-0.0,0.0,0.13,-0.13,-70.27,70.27,55.73,-55.73,-0.0,0.0,0.0,-0.0,-0.0,0.0,-7.38,7.38,8.97,-8.97,8.31,-8.31,-0.0,0.0,0.0,-0.0,0.0,-0.0,2.6,-2.6,717.51,-717.51,668.11,-668.11,0.0,-0.0,0.0,-0.0,-0.0,0.0,-4.34,4.34,351.44,-351.44,664.8,-664.8,-0.0,0.0,-0.0,664.8,,
ED1,100163,beam,V-60x80,H30,Piso2,1,Y,V-F-21-Piso2,100311,100321,8.9,44.5,26.25,14.71,0.0,-0.0,-0.0,0.0,-0.15,0.15,-156.48,156.48,177.17,-177.17,-0.0,0.0,0.0,-0.0,-0.0,0.0,-0.09,0.09,-87.1,87.1,99.68,-99.68,-0.0,0.0,0.0,-0.0,0.0,-0.0,7.41,-7.41,7.74,-7.74,8.31,-8.31,0.0,-0.0,0.0,-0.0,0.0,-0.0,2.61,-2.61,572.08,-572.08,617.06,-617.06,0.0,-0.0,0.0,-0.0,0.0,-0.0,8.38,-8.38,192.44,-192.44,747.12,-747.12,0.0,-0.0,-0.0,747.12,,
ED1,100164,beam,V-60x80,H30,Piso2,1,Y,V-G-32-Piso2,100302,100312,7.251,36.255,26.25,14.71,0.0,-0.0,-0.0,0.0,0.06,-0.06,-124.97,124.97,100.25,-100.25,-0.0,0.0,0.0,-0.0,-0.0,0.0,0.03,-0.03,-70.53,70.53,55.6,-55.6,-0.0,0.0,0.0,-0.0,-0.0,0.0,-7.16,7.16,2.64,-2.64,2.5,-2.5,-0.0,0.0,0.0,-0.0,0.0,-0.0,2.53,-2.53,743.67,-743.67,705.39,-705.39,0.0,-0.0,0.0,-0.0,-0.0,0.0,-4.46,4.46,364.64,-364.64,687.15,-687.15,-0.0,0.0,-0.0,687.15,,
ED1,100165,beam,V-60x80,H30,Piso2,1,Y,V-G-21-Piso2,100312,100322,8.9,44.5,26.25,14.71,0.0,-0.0,-0.0,0.0,-0.03,0.03,-156.05,156.05,177.34,-177.34,-0.0,0.0,0.0,-0.0,-0.0,0.0,-0.02,0.02,-86.86,86.86,99.76,-99.76,-0.0,0.0,0.0,-0.0,0.0,-0.0,7.23,-7.23,2.14,-2.14,2.27,-2.27,0.0,-0.0,0.0,-0.0,0.0,-0.0,2.57,-2.57,601.01,-601.01,637.92,-637.92,0.0,-0.0,0.0,-0.0,0.0,-0.0,8.39,-8.39,209.76,-209.76,757.58,-757.58,0.0,-0.0,-0.0,757.58,,
ED1,100166,beam,V-60x80,H30,Piso2,1,Y,V-H-32-Piso2,100303,100313,7.251,36.255,26.25,14.71,0.0,-0.0,-0.0,0.0,0.01,-0.01,-125.19,125.19,100.06,-100.06,-0.0,0.0,0.0,-0.0,-0.0,0.0,0.01,-0.01,-70.66,70.66,55.48,-55.48,-0.0,0.0,0.0,-0.0,-0.0,0.0,-7.29,7.29,-4.61,4.61,-4.36,4.36,-0.0,0.0,0.0,-0.0,0.0,-0.0,2.62,-2.62,718.93,-718.93,682.1,-682.1,0.0,-0.0,0.0,-0.0,-0.0,0.0,-4.57,4.57,339.19,-339.19,663.19,-663.19,-0.0,0.0,-0.0,663.19,,
ED1,100167,beam,V-60x80,H30,Piso2,1,Y,V-H-21-Piso2,100313,100323,8.9,44.5,26.25,14.71,0.0,-0.0,-0.0,0.0,0.0,-0.0,-156.07,156.07,177.39,-177.39,-0.0,0.0,0.0,-0.0,-0.0,0.0,0.0,-0.0,-86.88,86.88,99.79,-99.79,-0.0,0.0,0.0,-0.0,0.0,-0.0,7.34,-7.34,-3.92,3.92,-4.15,4.15,0.0,-0.0,0.0,-0.0,0.0,-0.0,2.62,-2.62,581.15,-581.15,616.71,-616.71,0.0,-0.0,0.0,-0.0,0.0,-0.0,8.57,-8.57,189.38,-189.38,735.97,-735.97,0.0,-0.0,-0.0,735.97,,
ED1,100168,beam,V-60x80,H30,Piso2,1,Y,V-I-32-Piso2,100304,100314,7.251,27.191,19.688,11.033,0.0,-0.0,-0.0,0.0,-2.24,2.24,-92.6,92.6,76.4,-76.4,-0.0,0.0,0.0,-0.0,-0.0,0.0,-1.28,1.28,-52.22,52.22,42.42,-42.42,-0.0,0.0,0.0,-0.0,-0.0,0.0,-5.68,5.68,-11.15,11.15,-10.51,10.51,-0.0,0.0,0.0,-0.0,0.0,-0.0,2.39,-2.39,694.05,-694.05,658.52,-658.52,0.0,-0.0,0.0,-0.0,-0.0,0.0,-6.84,6.84,365.68,-365.68,603.24,-603.24,-0.0,0.0,-0.0,603.24,,
ED1,100169,beam,V-60x80,H30,Piso2,1,Y,V-I-21-Piso2,100314,100324,8.9,33.375,19.688,11.033,0.0,-0.0,-0.0,0.0,1.49,-1.49,-117.26,117.26,133.05,-133.05,-0.0,0.0,0.0,-0.0,-0.0,0.0,0.85,-0.85,-65.26,65.26,74.86,-74.86,-0.0,0.0,0.0,-0.0,0.0,-0.0,5.9,-5.9,-10.22,10.22,-10.78,10.78,0.0,-0.0,0.0,-0.0,0.0,-0.0,2.4,-2.4,561.02,-561.02,595.35,-595.35,0.0,-0.0,0.0,-0.0,0.0,-0.0,9.45,-9.45,229.04,-229.04,644.72,-644.72,0.0,-0.0,-0.0,644.72,,
ED1,100170,beam,V-60x80,H30,Piso2,1,Y,V-I'-32-Piso2,100305,100315,7.251,9.064,6.562,3.678,0.0,-0.0,-0.0,0.0,-1.23,1.23,-30.06,30.06,26.02,-26.02,-0.0,0.0,0.0,-0.0,-0.0,0.0,-0.71,0.71,-16.88,16.88,14.52,-14.52,-0.0,0.0,0.0,-0.0,-0.0,0.0,-2.18,2.18,-19.86,19.86,-19.24,19.24,-0.0,0.0,0.0,-0.0,0.0,-0.0,2.72,-2.72,680.14,-680.14,645.29,-645.29,0.0,-0.0,0.0,-0.0,-0.0,0.0,-1.86,1.86,445.3,-445.3,507.2,-507.2,-0.0,0.0,-0.0,507.2,,
ED1,100171,beam,V-60x80,H30,Piso2,1,Y,V-I'-21-Piso2,100315,100325,8.9,11.125,6.562,3.678,0.0,-0.0,-0.0,0.0,0.84,-0.84,-37.2,37.2,45.9,-45.9,-0.0,0.0,0.0,-0.0,-0.0,0.0,0.49,-0.49,-20.61,20.61,25.89,-25.89,-0.0,0.0,0.0,-0.0,0.0,-0.0,3.22,-3.22,-9.9,9.9,-10.89,10.89,0.0,-0.0,0.0,-0.0,0.0,-0.0,2.74,-2.74,549.78,-549.78,583.44,-583.44,0.0,-0.0,0.0,-0.0,0.0,-0.0,6.29,-6.29,345.62,-345.62,499.57,-499.57,0.0,-0.0,-0.0,499.57,,
ED1,100172,beam,V-60x80,H30,Piso3,2,X,V-3-EF-Piso3,100400,100401,10.0,18.128,9.517,5.333,0.0,-0.0,0.0,-0.0,-1.25,1.25,-85.08,85.08,70.84,-70.84,0.0,-0.0,0.0,-0.0,-0.0,0.0,-0.68,0.68,-48.51,48.51,39.17,-39.17,-0.0,0.0,0.0,-0.0,0.0,-0.0,0.48,-0.48,292.92,-292.92,281.92,-281.92,0.0,-0.0,0.0,-0.0,0.0,-0.0,3.75,-3.75,-6.17,6.17,-5.72,5.72,0.0,-0.0,0.0,-0.0,0.0,-0.0,1.31,-1.31,125.41,-125.41,359.46,-359.46,0.0,-0.0,-0.0,359.46,,
ED1,100173,beam,V-60x80,H30,Piso3,2,X,V-3-FG-Piso3,100401,100402,10.0,18.128,9.517,5.333,0.0,-0.0,-0.0,0.0,0.12,-0.12,-81.72,81.72,76.59,-76.59,-0.0,0.0,0.0,-0.0,0.0,-0.0,0.09,-0.09,-45.76,45.76,42.9,-42.9,0.0,-0.0,0.0,-0.0,0.0,-0.0,0.51,-0.51,278.69,-278.69,278.67,-278.67,0.0,-0.0,0.0,-0.0,0.0,-0.0,-0.31,0.31,-12.11,12.11,-12.01,12.01,0.0,-0.0,0.0,-0.0,0.0,-0.0,0.45,-0.45,114.25,-114.25,361.29,-361.29,0.0,-0.0,-0.0,361.29,,
ED1,100174,beam,V-60x80,H30,Piso3,2,X,V-3-GH-Piso3,100402,100403,10.0,18.128,9.517,5.333,0.0,-0.0,-0.0,0.0,0.02,-0.02,-82.51,82.51,76.0,-76.0,-0.0,0.0,0.0,-0.0,0.0,-0.0,0.01,-0.01,-46.34,46.34,42.46,-42.46,0.0,-0.0,0.0,-0.0,0.0,-0.0,0.53,-0.53,278.13,-278.13,277.92,-277.92,0.0,-0.0,0.0,-0.0,-0.0,0.0,1.71,-1.71,-8.68,8.68,-8.78,8.78,-0.0,0.0,0.0,-0.0,-0.0,0.0,1.79,-1.79,114.95,-114.95,362.0,-362.0,-0.0,0.0,-0.0,362.0,,
ED1,100175,beam,V-60x80,H30,Piso3,2,X,V-3-HI-Piso3,100403,100404,10.0,18.128,9.517,5.333,0.0,-0.0,0.0,-0.0,0.61,-0.61,-80.79,80.79,74.84,-74.84,0.0,-0.0,0.0,-0.0,0.0,-0.0,0.32,-0.32,-45.18,45.18,42.12,-42.12,0.0,-0.0,0.0,-0.0,0.0,-0.0,0.54,-0.54,287.12,-287.12,281.77,-281.77,0.0,-0.0,0.0,-0.0,0.0,-0.0,1.75,-1.75,-9.14,9.14,-8.98,8.98,0.0,-0.0,0.0,-0.0,0.0,-0.0,2.73,-2.73,125.59,-125.59,363.82,-363.82,0.0,-0.0,-0.0,363.82,,
ED1,100176,beam,V-60x80,H30,Piso3,2,X,V-3-II'-Piso3,100404,100405,5.0,9.064,9.517,5.333,0.0,-0.0,-0.0,0.0,2.21,-2.21,-8.49,8.49,34.0,-34.0,-0.0,0.0,0.0,-0.0,-0.0,0.0,1.16,-1.16,-3.61,3.61,20.04,-20.04,-0.0,0.0,0.0,-0.0,-0.0,0.0,0.34,-0.34,399.43,-399.43,420.93,-420.93,-0.0,0.0,0.0,-0.0,0.0,-0.0,1.63,-1.63,-12.7,12.7,-13.37,13.37,0.0,-0.0,0.0,-0.0,0.0,-0.0,4.9,-4.9,337.87,-337.87,422.85,-422.85,0.0,-0.0,-0.0,422.85,,
ED1,100177,beam,V-60x80,H30,Piso3,2,X,V-2-EF-Piso3,100410,100411,10.0,40.377,21.198,11.879,0.0,-0.0,0.0,-0.0,-0.53,0.53,-183.8,183.8,163.31,-163.31,0.0,-0.0,0.0,-0.0,-0.0,0.0,-0.28,0.28,-104.41,104.41,90.61,-90.61,-0.0,0.0,0.0,-0.0,0.0,-0.0,0.49,-0.49,276.39,-276.39,261.6,-261.6,0.0,-0.0,0.0,-0.0,0.0,-0.0,5.49,-5.49,-0.61,0.61,-0.6,0.6,0.0,-0.0,0.0,-0.0,0.0,-0.0,3.74,-3.74,-39.92,39.92,488.92,-488.92,0.0,-0.0,-0.0,488.92,,
ED1,100178,beam,V-60x80,H30,Piso3,2,X,V-2-FG-Piso3,100411,100412,10.0,40.377,21.198,11.879,0.0,-0.0,-0.0,0.0,-0.0,0.0,-178.21,178.21,174.37,-174.37,-0.0,0.0,0.0,-0.0,0.0,-0.0,0.01,-0.01,-99.73,99.73,97.74,-97.74,0.0,-0.0,0.0,-0.0,0.0,-0.0,0.42,-0.42,257.56,-257.56,257.62,-257.62,0.0,-0.0,0.0,-0.0,0.0,-0.0,-2.47,2.47,-0.21,0.21,-0.22,0.22,0.0,-0.0,0.0,-0.0,0.0,-0.0,-1.47,1.47,-46.29,46.29,503.8,-503.8,0.0,-0.0,-0.0,503.8,,
ED1,100179,beam,V-60x80,H30,Piso3,2,X,V-2-GH-Piso3,100412,100413,10.0,40.377,21.198,11.879,0.0,-0.0,-0.0,0.0,0.01,-0.01,-179.7,179.7,173.35,-173.35,-0.0,0.0,0.0,-0.0,0.0,-0.0,0.01,-0.01,-100.83,100.83,96.97,-96.97,0.0,-0.0,0.0,-0.0,0.0,-0.0,0.46,-0.46,256.78,-256.78,256.37,-256.37,0.0,-0.0,0.0,-0.0,-0.0,0.0,1.48,-1.48,-0.42,0.42,-0.41,0.41,-0.0,0.0,0.0,-0.0,-0.0,0.0,1.54,-1.54,-49.74,49.74,500.75,-500.75,-0.0,0.0,-0.0,500.75,,
ED1,100180,beam,V-60x80,H30,Piso3,2,X,V-2-HI-Piso3,100413,100414,10.0,40.377,21.198,11.879,0.0,-0.0,0.0,-0.0,0.3,-0.3,-176.08,176.08,170.51,-170.51,0.0,-0.0,0.0,-0.0,0.0,-0.0,0.16,-0.16,-98.42,98.42,95.91,-95.91,0.0,-0.0,0.0,-0.0,0.0,-0.0,0.47,-0.47,267.67,-267.67,264.29,-264.29,0.0,-0.0,0.0,-0.0,0.0,-0.0,1.55,-1.55,-0.43,0.43,-0.42,0.42,0.0,-0.0,0.0,-0.0,0.0,-0.0,2.04,-2.04,-33.92,33.92,503.96,-503.96,0.0,-0.0,-0.0,503.96,,
ED1,100181,beam,V-60x80,H30,Piso3,2,X,V-2-II'-Piso3,100414,100415,5.0,20.189,21.198,11.879,0.0,-0.0,-0.0,0.0,1.07,-1.07,-16.02,16.02,78.52,-78.52,-0.0,0.0,0.0,-0.0,-0.0,0.0,0.56,-0.56,-6.67,6.67,46.06,-46.06,-0.0,0.0,0.0,-0.0,-0.0,0.0,0.38,-0.38,362.37,-362.37,391.49,-391.49,-0.0,0.0,0.0,-0.0,0.0,-0.0,1.39,-1.39,-0.51,0.51,-0.55,0.55,0.0,-0.0,0.0,-0.0,0.0,-0.0,3.01,-3.01,303.06,-303.06,476.51,-476.51,0.0,-0.0,-0.0,476.51,,
ED1,100182,beam,V-60x80,H30,Piso3,2,X,V-1-EF-Piso3,100420,100421,10.0,22.25,11.681,6.546,0.0,-0.0,0.0,-0.0,1.62,-1.62,-103.42,103.42,87.92,-87.92,0.0,-0.0,0.0,-0.0,-0.0,0.0,0.85,-0.85,-58.93,58.93,48.65,-48.65,-0.0,0.0,0.0,-0.0,0.0,-0.0,0.6,-0.6,298.76,-298.76,287.56,-287.56,0.0,-0.0,0.0,-0.0,0.0,-0.0,4.06,-4.06,6.96,-6.96,6.5,-6.5,0.0,-0.0,0.0,-0.0,0.0,-0.0,6.06,-6.06,111.75,-111.75,400.25,-400.25,0.0,-0.0,-0.0,400.25,,
ED1,100183,beam,V-60x80,H30,Piso3,2,X,V-1-FG-Piso3,100421,100422,10.0,22.25,11.681,6.546,0.0,-0.0,-0.0,0.0,-0.11,0.11,-99.56,99.56,94.78,-94.78,-0.0,0.0,0.0,-0.0,0.0,-0.0,-0.1,0.1,-55.74,55.74,53.1,-53.1,0.0,-0.0,0.0,-0.0,0.0,-0.0,0.5,-0.5,284.41,-284.41,284.38,-284.38,0.0,-0.0,0.0,-0.0,0.0,-0.0,-0.55,0.55,12.49,-12.49,12.39,-12.39,0.0,-0.0,0.0,-0.0,0.0,-0.0,-0.17,0.17,110.04,-110.04,413.12,-413.12,0.0,-0.0,-0.0,413.12,,
ED1,100184,beam,V-60x80,H30,Piso3,2,X,V-1-GH-Piso3,100422,100423,10.0,22.25,11.681,6.546,0.0,-0.0,-0.0,0.0,0.01,-0.01,-100.45,100.45,94.11,-94.11,-0.0,0.0,0.0,-0.0,0.0,-0.0,0.01,-0.01,-56.4,56.4,52.61,-52.61,0.0,-0.0,0.0,-0.0,0.0,-0.0,0.54,-0.54,283.75,-283.75,283.54,-283.54,0.0,-0.0,0.0,-0.0,-0.0,0.0,1.74,-1.74,9.27,-9.27,9.37,-9.37,-0.0,0.0,0.0,-0.0,-0.0,0.0,1.81,-1.81,105.49,-105.49,408.94,-408.94,-0.0,0.0,-0.0,408.94,,
ED1,100185,beam,V-60x80,H30,Piso3,2,X,V-1-HI-Piso3,100423,100424,10.0,22.25,11.681,6.546,0.0,-0.0,0.0,-0.0,-0.75,0.75,-98.37,98.37,92.68,-92.68,0.0,-0.0,0.0,-0.0,0.0,-0.0,-0.36,0.36,-54.99,54.99,52.17,-52.17,0.0,-0.0,0.0,-0.0,0.0,-0.0,0.53,-0.53,292.9,-292.9,287.43,-287.43,0.0,-0.0,0.0,-0.0,0.0,-0.0,1.78,-1.78,9.74,-9.74,9.57,-9.57,0.0,-0.0,0.0,-0.0,0.0,-0.0,0.7,-0.7,117.57,-117.57,410.71,-410.71,0.0,-0.0,-0.0,410.71,,
ED1,100186,beam,V-60x80,H30,Piso3,2,X,V-1-II'-Piso3,100424,100425,5.0,11.125,11.681,6.546,0.0,-0.0,-0.0,0.0,-2.91,2.91,-9.31,9.31,42.87,-42.87,-0.0,0.0,0.0,-0.0,-0.0,0.0,-1.46,1.46,-3.8,3.8,25.25,-25.25,-0.0,0.0,0.0,-0.0,-0.0,0.0,0.61,-0.61,407.71,-407.71,429.61,-429.61,-0.0,0.0,0.0,-0.0,0.0,-0.0,1.67,-1.67,13.47,-13.47,14.18,-14.18,0.0,-0.0,0.0,-0.0,0.0,-0.0,-2.57,2.57,363.92,-363.92,465.4,-465.4,0.0,-0.0,-0.0,465.4,,
ED1,100187,beam,V-60x80,H30,Piso3,2,Y,V-E-32-Piso3,100400,100410,7.251,18.128,13.125,7.355,0.0,-0.0,0.0,-0.0,2.41,-2.41,-65.02,65.02,47.94,-47.94,0.0,-0.0,0.0,-0.0,-0.0,0.0,1.26,-1.26,-37.46,37.46,25.92,-25.92,-0.0,0.0,0.0,-0.0,0.0,-0.0,-2.06,2.06,14.38,-14.38,14.04,-14.04,0.0,-0.0,0.0,-0.0,0.0,-0.0,1.81,-1.81,483.83,-483.83,462.2,-462.2,0.0,-0.0,0.0,-0.0,0.0,-0.0,3.18,-3.18,273.33,-273.33,433.14,-433.14,0.0,-0.0,-0.0,433.14,,
ED1,100188,beam,V-60x80,H30,Piso3,2,Y,V-E-21-Piso3,100410,100420,8.9,22.25,13.125,7.355,0.0,-0.0,-0.0,0.0,-1.6,1.6,-74.3,74.3,93.79,-93.79,-0.0,0.0,0.0,-0.0,0.0,-0.0,-0.85,0.85,-41.07,41.07,53.5,-53.5,0.0,-0.0,0.0,-0.0,-0.0,0.0,2.65,-2.65,5.92,-5.92,6.52,-6.52,-0.0,0.0,0.0,-0.0,0.0,-0.0,1.8,-1.8,403.41,-403.41,424.0,-424.0,0.0,-0.0,0.0,-0.0,-0.0,0.0,1.28,-1.28,192.52,-192.52,471.16,-471.16,-0.0,0.0,-0.0,471.16,,
ED1,100189,beam,V-60x80,H30,Piso3,2,Y,V-F-32-Piso3,100401,100411,7.251,36.255,26.25,14.71,0.0,-0.0,0.0,-0.0,0.32,-0.32,-131.89,131.89,93.8,-93.8,0.0,-0.0,0.0,-0.0,-0.0,0.0,0.21,-0.21,-75.76,75.76,50.81,-50.81,-0.0,0.0,0.0,-0.0,0.0,-0.0,-4.32,4.32,5.22,-5.22,4.85,-4.85,0.0,-0.0,0.0,-0.0,0.0,-0.0,1.55,-1.55,436.59,-436.59,409.39,-409.39,0.0,-0.0,0.0,-0.0,0.0,-0.0,-2.19,2.19,124.49,-124.49,456.02,-456.02,0.0,-0.0,-0.0,456.02,,
ED1,100190,beam,V-60x80,H30,Piso3,2,Y,V-F-21-Piso3,100411,100421,8.9,44.5,26.25,14.71,0.0,-0.0,-0.0,0.0,-0.22,0.22,-152.17,152.17,183.6,-183.6,-0.0,0.0,0.0,-0.0,0.0,-0.0,-0.14,0.14,-84.27,84.27,104.47,-104.47,0.0,-0.0,0.0,-0.0,-0.0,0.0,4.39,-4.39,4.95,-4.95,5.24,-5.24,-0.0,0.0,0.0,-0.0,0.0,-0.0,1.56,-1.56,360.59,-360.59,384.89,-384.89,0.0,-0.0,0.0,-0.0,-0.0,0.0,4.77,-4.77,38.45,-38.45,581.46,-581.46,-0.0,0.0,-0.0,581.46,,
ED1,100191,beam,V-60x80,H30,Piso3,2,Y,V-G-32-Piso3,100402,100412,7.251,36.255,26.25,14.71,0.0,-0.0,0.0,-0.0,0.06,-0.06,-133.27,133.27,92.83,-92.83,0.0,-0.0,0.0,-0.0,-0.0,0.0,0.04,-0.04,-76.73,76.73,50.12,-50.12,-0.0,0.0,0.0,-0.0,0.0,-0.0,-4.27,4.27,1.57,-1.57,1.49,-1.49,0.0,-0.0,0.0,-0.0,0.0,-0.0,1.48,-1.48,454.43,-454.43,434.11,-434.11,0.0,-0.0,0.0,-0.0,0.0,-0.0,-2.63,2.63,132.24,-132.24,469.87,-469.87,0.0,-0.0,-0.0,469.87,,
ED1,100192,beam,V-60x80,H30,Piso3,2,Y,V-G-21-Piso3,100412,100422,8.9,44.5,26.25,14.71,0.0,-0.0,-0.0,0.0,-0.03,0.03,-151.49,151.49,184.56,-184.56,-0.0,0.0,0.0,-0.0,0.0,-0.0,-0.02,0.02,-83.83,83.83,105.17,-105.17,0.0,-0.0,0.0,-0.0,-0.0,0.0,4.35,-4.35,1.32,-1.32,1.39,-1.39,-0.0,0.0,0.0,-0.0,0.0,-0.0,1.52,-1.52,378.81,-378.81,398.16,-398.16,0.0,-0.0,0.0,-0.0,-0.0,0.0,5.0,-5.0,49.97,-49.97,589.6,-589.6,-0.0,0.0,-0.0,589.6,,
ED1,100193,beam,V-60x80,H30,Piso3,2,Y,V-H-32-Piso3,100403,100413,7.251,36.255,26.25,14.71,0.0,-0.0,0.0,-0.0,-0.03,0.03,-133.45,133.45,92.66,-92.66,0.0,-0.0,0.0,-0.0,-0.0,0.0,-0.03,0.03,-76.83,76.83,50.03,-50.03,-0.0,0.0,0.0,-0.0,0.0,-0.0,-4.39,4.39,-2.72,2.72,-2.59,2.59,0.0,-0.0,0.0,-0.0,0.0,-0.0,1.55,-1.55,440.2,-440.2,420.62,-420.62,0.0,-0.0,0.0,-0.0,0.0,-0.0,-2.84,2.84,117.42,-117.42,455.83,-455.83,0.0,-0.0,-0.0,455.83,,
ED1,100194,beam,V-60x80,H30,Piso3,2,Y,V-H-21-Piso3,100413,100423,8.9,44.5,26.25,14.71,0.0,-0.0,-0.0,0.0,0.03,-0.03,-151.55,151.55,184.51,-184.51,-0.0,0.0,0.0,-0.0,0.0,-0.0,0.02,-0.02,-83.87,83.87,105.14,-105.14,0.0,-0.0,0.0,-0.0,-0.0,0.0,4.45,-4.45,-2.54,2.54,-2.65,2.65,-0.0,0.0,0.0,-0.0,0.0,-0.0,1.56,-1.56,366.96,-366.96,385.61,-385.61,0.0,-0.0,0.0,-0.0,-0.0,0.0,5.23,-5.23,37.51,-37.51,576.46,-576.46,-0.0,0.0,-0.0,576.46,,
ED1,100195,beam,V-60x80,H30,Piso3,2,Y,V-I-32-Piso3,100404,100414,7.251,27.191,19.688,11.033,0.0,-0.0,0.0,-0.0,-2.25,2.25,-98.32,98.32,71.27,-71.27,0.0,-0.0,0.0,-0.0,-0.0,0.0,-1.26,1.26,-56.56,56.56,38.58,-38.58,-0.0,0.0,0.0,-0.0,0.0,-0.0,-3.21,3.21,-6.47,6.47,-6.13,6.13,0.0,-0.0,0.0,-0.0,0.0,-0.0,1.45,-1.45,426.26,-426.26,407.31,-407.31,0.0,-0.0,0.0,-0.0,0.0,-0.0,-5.32,5.32,158.98,-158.98,409.83,-409.83,0.0,-0.0,-0.0,409.83,,
ED1,100196,beam,V-60x80,H30,Piso3,2,Y,V-I-21-Piso3,100414,100424,8.9,33.375,19.688,11.033,0.0,-0.0,-0.0,0.0,1.52,-1.52,-113.97,113.97,138.18,-138.18,-0.0,0.0,0.0,-0.0,0.0,-0.0,0.86,-0.86,-63.1,63.1,78.69,-78.69,0.0,-0.0,0.0,-0.0,-0.0,0.0,3.43,-3.43,-6.48,6.48,-6.76,6.76,-0.0,0.0,0.0,-0.0,0.0,-0.0,1.47,-1.47,355.26,-355.26,373.32,-373.32,0.0,-0.0,0.0,-0.0,-0.0,0.0,6.57,-6.57,83.54,-83.54,490.78,-490.78,-0.0,0.0,-0.0,490.78,,
ED1,100197,beam,V-60x80,H30,Piso3,2,Y,V-I'-32-Piso3,100405,100415,7.251,9.064,6.562,3.678,0.0,-0.0,0.0,-0.0,-1.24,1.24,-32.4,32.4,23.99,-23.99,0.0,-0.0,0.0,-0.0,-0.0,0.0,-0.72,0.72,-18.73,18.73,12.92,-12.92,-0.0,0.0,0.0,-0.0,0.0,-0.0,-0.94,0.94,-14.08,14.08,-13.79,13.79,0.0,-0.0,0.0,-0.0,0.0,-0.0,1.64,-1.64,417.43,-417.43,398.87,-398.87,0.0,-0.0,0.0,-0.0,0.0,-0.0,-1.58,1.58,249.27,-249.27,323.65,-323.65,0.0,-0.0,-0.0,323.65,,
ED1,100198,beam,V-60x80,H30,Piso3,2,Y,V-I'-21-Piso3,100415,100425,8.9,11.125,6.562,3.678,0.0,-0.0,-0.0,0.0,0.86,-0.86,-35.55,35.55,48.5,-48.5,-0.0,0.0,0.0,-0.0,0.0,-0.0,0.5,-0.5,-19.59,19.59,27.73,-27.73,0.0,-0.0,0.0,-0.0,-0.0,0.0,1.67,-1.67,-5.0,5.0,-5.58,5.58,-0.0,0.0,0.0,-0.0,0.0,-0.0,1.66,-1.66,347.94,-347.94,365.63,-365.63,0.0,-0.0,0.0,-0.0,-0.0,0.0,4.12,-4.12,201.32,-201.32,345.43,-345.43,-0.0,0.0,-0.0,345.43,,
ED1,100199,beam,V-60x80,H30,Piso4,2,X,V-3-EF-Piso4,100500,100501,10.0,18.128,7.704,5.333,0.0,-0.0,-0.0,0.0,-2.22,2.22,-61.33,61.33,60.0,-60.0,-0.0,0.0,0.0,-0.0,0.0,-0.0,-1.49,1.49,-40.97,40.97,42.71,-42.71,0.0,-0.0,0.0,-0.0,0.0,-0.0,0.12,-0.12,149.32,-149.32,137.28,-137.28,0.0,-0.0,0.0,-0.0,0.0,-0.0,2.28,-2.28,-1.73,1.73,-1.07,1.07,0.0,-0.0,0.0,-0.0,0.0,-0.0,-1.89,1.89,30.79,-30.79,225.46,-225.46,0.0,-0.0,-0.0,225.46,,
ED1,100200,beam,V-60x80,H30,Piso4,2,X,V-3-FG-Piso4,100501,100502,10.0,18.128,7.704,5.333,0.0,-0.0,-0.0,0.0,-0.09,0.09,-66.02,66.02,62.23,-62.23,-0.0,0.0,0.0,-0.0,-0.0,0.0,-0.1,0.1,-45.62,45.62,43.27,-43.27,-0.0,0.0,0.0,-0.0,0.0,-0.0,0.28,-0.28,133.8,-133.8,134.34,-134.34,0.0,-0.0,0.0,-0.0,0.0,-0.0,-0.56,0.56,-7.24,7.24,-6.99,6.99,0.0,-0.0,0.0,-0.0,0.0,-0.0,-0.35,0.35,3.35,-3.35,221.16,-221.16,0.0,-0.0,-0.0,221.16,,
ED1,100201,beam,V-60x80,H30,Piso4,2,X,V-3-GH-Piso4,100502,100503,10.0,18.128,7.704,5.333,0.0,-0.0,-0.0,0.0,0.05,-0.05,-66.34,66.34,62.16,-62.16,-0.0,0.0,0.0,-0.0,-0.0,0.0,0.03,-0.03,-45.57,45.57,43.41,-43.41,-0.0,0.0,0.0,-0.0,0.0,-0.0,0.29,-0.29,133.14,-133.14,131.7,-131.7,0.0,-0.0,0.0,-0.0,0.0,-0.0,0.84,-0.84,-3.61,3.61,-3.86,3.86,0.0,-0.0,0.0,-0.0,0.0,-0.0,0.99,-0.99,5.21,-5.21,221.21,-221.21,0.0,-0.0,-0.0,221.21,,
ED1,100202,beam,V-60x80,H30,Piso4,2,X,V-3-HI-Piso4,100503,100504,10.0,18.128,7.704,5.333,0.0,-0.0,-0.0,0.0,1.34,-1.34,-66.56,66.56,56.21,-56.21,-0.0,0.0,0.0,-0.0,0.0,-0.0,0.91,-0.91,-46.09,46.09,38.97,-38.97,0.0,-0.0,0.0,-0.0,-0.0,0.0,0.29,-0.29,146.28,-146.28,147.35,-147.35,-0.0,0.0,0.0,-0.0,0.0,-0.0,0.9,-0.9,-4.55,4.55,-4.57,4.57,0.0,-0.0,0.0,-0.0,0.0,-0.0,3.19,-3.19,15.59,-15.59,224.36,-224.36,0.0,-0.0,-0.0,224.36,,
ED1,100203,beam,V-60x80,H30,Piso4,2,X,V-3-II'-Piso4,100504,100505,5.0,9.064,7.704,5.333,0.0,-0.0,-0.0,0.0,4.09,-4.09,-13.93,13.93,22.67,-22.67,-0.0,0.0,0.0,-0.0,0.0,-0.0,2.82,-2.82,-11.42,11.42,14.15,-14.15,0.0,-0.0,0.0,-0.0,0.0,-0.0,-0.11,0.11,143.51,-143.51,168.21,-168.21,0.0,-0.0,0.0,-0.0,-0.0,0.0,0.72,-0.72,-4.23,4.23,-4.94,4.94,-0.0,0.0,0.0,-0.0,-0.0,0.0,7.35,-7.35,100.63,-100.63,184.51,-184.51,-0.0,0.0,-0.0,184.51,,
ED1,100204,beam,V-60x80,H30,Piso4,2,X,V-2-EF-Piso4,100510,100511,10.0,40.377,17.16,11.879,0.0,-0.0,-0.0,0.0,-0.86,0.86,-136.65,136.65,135.97,-135.97,-0.0,0.0,0.0,-0.0,0.0,-0.0,-0.6,0.6,-92.21,92.21,96.01,-96.01,0.0,-0.0,0.0,-0.0,0.0,-0.0,0.2,-0.2,135.22,-135.22,121.14,-121.14,0.0,-0.0,0.0,-0.0,0.0,-0.0,3.12,-3.12,-0.3,0.3,-0.31,0.31,0.0,-0.0,0.0,-0.0,0.0,-0.0,1.06,-1.06,-107.4,107.4,340.77,-340.77,0.0,-0.0,-0.0,340.77,,
ED1,100205,beam,V-60x80,H30,Piso4,2,X,V-2-FG-Piso4,100511,100512,10.0,40.377,17.16,11.879,0.0,-0.0,-0.0,0.0,-0.15,0.15,-144.09,144.09,141.38,-141.38,-0.0,0.0,0.0,-0.0,-0.0,0.0,-0.11,0.11,-99.91,99.91,97.95,-97.95,-0.0,0.0,0.0,-0.0,0.0,-0.0,0.19,-0.19,118.61,-118.61,119.22,-119.22,0.0,-0.0,0.0,-0.0,0.0,-0.0,-1.79,1.79,0.04,-0.04,0.02,-0.02,0.0,-0.0,0.0,-0.0,0.0,-0.0,-1.43,1.43,-137.22,137.22,346.64,-346.64,0.0,-0.0,-0.0,346.64,,
ED1,100206,beam,V-60x80,H30,Piso4,2,X,V-2-GH-Piso4,100512,100513,10.0,40.377,17.16,11.879,0.0,-0.0,-0.0,0.0,0.02,-0.02,-144.88,144.88,141.2,-141.2,-0.0,0.0,0.0,-0.0,-0.0,0.0,0.01,-0.01,-99.93,99.93,98.17,-98.17,-0.0,0.0,0.0,-0.0,0.0,-0.0,0.22,-0.22,117.35,-117.35,115.34,-115.34,0.0,-0.0,0.0,-0.0,0.0,-0.0,0.63,-0.63,-0.16,0.16,-0.14,0.14,0.0,-0.0,0.0,-0.0,0.0,-0.0,0.7,-0.7,-139.32,139.32,343.07,-343.07,0.0,-0.0,-0.0,343.07,,
ED1,100207,beam,V-60x80,H30,Piso4,2,X,V-2-HI-Piso4,100513,100514,10.0,40.377,17.16,11.879,0.0,-0.0,-0.0,0.0,0.59,-0.59,-144.41,144.41,130.4,-130.4,-0.0,0.0,0.0,-0.0,0.0,-0.0,0.41,-0.41,-100.32,100.32,90.14,-90.14,0.0,-0.0,0.0,-0.0,-0.0,0.0,0.23,-0.23,132.25,-132.25,135.99,-135.99,-0.0,0.0,0.0,-0.0,0.0,-0.0,0.72,-0.72,-0.17,0.17,-0.18,0.18,0.0,-0.0,0.0,-0.0,0.0,-0.0,1.74,-1.74,-125.83,125.83,342.79,-342.79,0.0,-0.0,-0.0,342.79,,
ED1,100208,beam,V-60x80,H30,Piso4,2,X,V-2-II'-Piso4,100514,100515,5.0,20.189,17.16,11.879,0.0,-0.0,-0.0,0.0,1.84,-1.84,-24.31,24.31,55.68,-55.68,-0.0,0.0,0.0,-0.0,0.0,-0.0,1.28,-1.28,-20.81,20.81,34.91,-34.91,0.0,-0.0,0.0,-0.0,0.0,-0.0,0.07,-0.07,118.58,-118.58,149.12,-149.12,0.0,-0.0,0.0,-0.0,-0.0,0.0,0.47,-0.47,-0.05,0.05,-0.09,0.09,-0.0,0.0,0.0,-0.0,-0.0,0.0,3.53,-3.53,61.57,-61.57,224.74,-224.74,-0.0,0.0,-0.0,224.74,,
ED1,100209,beam,V-60x80,H30,Piso4,2,X,V-1-EF-Piso4,100520,100521,10.0,22.25,9.456,6.546,0.0,-0.0,-0.0,0.0,2.95,-2.95,-74.99,74.99,74.16,-74.16,-0.0,0.0,0.0,-0.0,0.0,-0.0,2.05,-2.05,-50.21,50.21,52.68,-52.68,0.0,-0.0,0.0,-0.0,0.0,-0.0,0.44,-0.44,152.4,-152.4,140.13,-140.13,0.0,-0.0,0.0,-0.0,0.0,-0.0,2.87,-2.87,2.14,-2.14,1.47,-1.47,0.0,-0.0,0.0,-0.0,0.0,-0.0,7.54,-7.54,13.57,-13.57,254.06,-254.06,0.0,-0.0,-0.0,254.06,,
ED1,100210,beam,V-60x80,H30,Piso4,2,X,V-1-FG-Piso4,100521,100522,10.0,22.25,9.456,6.546,0.0,-0.0,-0.0,0.0,0.28,-0.28,-80.5,80.5,76.92,-76.92,-0.0,0.0,0.0,-0.0,-0.0,0.0,0.25,-0.25,-55.69,55.69,53.42,-53.42,-0.0,0.0,0.0,-0.0,0.0,-0.0,0.25,-0.25,136.7,-136.7,137.25,-137.25,0.0,-0.0,0.0,-0.0,0.0,-0.0,-1.13,1.13,7.28,-7.28,7.04,-7.04,0.0,-0.0,0.0,-0.0,0.0,-0.0,-0.09,0.09,-7.69,7.69,259.14,-259.14,0.0,-0.0,-0.0,259.14,,
ED1,100211,beam,V-60x80,H30,Piso4,2,X,V-1-GH-Piso4,100522,100523,10.0,22.25,9.456,6.546,0.0,-0.0,-0.0,0.0,-0.06,0.06,-80.86,80.86,76.85,-76.85,-0.0,0.0,0.0,-0.0,-0.0,0.0,-0.04,0.04,-55.62,55.62,53.58,-53.58,-0.0,0.0,0.0,-0.0,0.0,-0.0,0.28,-0.28,135.96,-135.96,134.51,-134.51,0.0,-0.0,0.0,-0.0,0.0,-0.0,0.82,-0.82,3.86,-3.86,4.08,-4.08,0.0,-0.0,0.0,-0.0,0.0,-0.0,0.77,-0.77,-11.23,11.23,254.55,-254.55,0.0,-0.0,-0.0,254.55,,
ED1,100212,beam,V-60x80,H30,Piso4,2,X,V-1-HI-Piso4,100523,100524,10.0,22.25,9.456,6.546,0.0,-0.0,-0.0,0.0,-1.82,1.82,-81.07,81.07,69.77,-69.77,-0.0,0.0,0.0,-0.0,0.0,-0.0,-1.29,1.29,-56.21,56.21,48.29,-48.29,0.0,-0.0,0.0,-0.0,-0.0,0.0,0.29,-0.29,149.33,-149.33,150.38,-150.38,-0.0,0.0,0.0,-0.0,0.0,-0.0,0.9,-0.9,4.81,-4.81,4.84,-4.84,0.0,-0.0,0.0,-0.0,0.0,-0.0,-2.17,2.17,0.72,-0.72,257.03,-257.03,0.0,-0.0,-0.0,257.03,,
ED1,100213,beam,V-60x80,H30,Piso4,2,X,V-1-II'-Piso4,100524,100525,5.0,11.125,9.456,6.546,0.0,-0.0,-0.0,0.0,-5.69,5.69,-15.88,15.88,29.05,-29.05,-0.0,0.0,0.0,-0.0,0.0,-0.0,-4.05,4.05,-13.28,13.28,18.08,-18.08,0.0,-0.0,0.0,-0.0,0.0,-0.0,0.51,-0.51,146.68,-146.68,171.8,-171.8,0.0,-0.0,0.0,-0.0,-0.0,0.0,0.74,-0.74,4.38,-4.38,5.13,-5.13,-0.0,0.0,0.0,-0.0,-0.0,0.0,-8.72,8.72,106.13,-106.13,205.6,-205.6,-0.0,0.0,-0.0,205.6,,
ED1,100214,beam,V-60x80,H30,Piso4,2,Y,V-E-32-Piso4,100500,100510,7.251,18.128,10.625,7.355,0.0,-0.0,-0.0,0.0,4.06,-4.06,-45.81,45.81,42.56,-42.56,-0.0,0.0,0.0,-0.0,0.0,-0.0,2.84,-2.84,-30.23,30.23,31.05,-31.05,0.0,-0.0,0.0,-0.0,0.0,-0.0,-1.91,1.91,8.26,-8.26,8.15,-8.15,0.0,-0.0,0.0,-0.0,0.0,-0.0,1.04,-1.04,233.22,-233.22,209.84,-209.84,0.0,-0.0,0.0,-0.0,0.0,-0.0,5.96,-5.96,106.31,-106.31,238.32,-238.32,0.0,-0.0,-0.0,238.32,,
ED1,100215,beam,V-60x80,H30,Piso4,2,Y,V-E-21-Piso4,100510,100520,8.9,22.25,10.625,7.355,0.0,-0.0,0.0,-0.0,-2.61,2.61,-60.38,60.38,68.11,-68.11,0.0,-0.0,0.0,-0.0,0.0,-0.0,-1.81,1.81,-43.29,43.29,45.41,-45.41,0.0,-0.0,0.0,-0.0,-0.0,0.0,2.09,-2.09,1.44,-1.44,2.28,-2.28,-0.0,0.0,0.0,-0.0,0.0,-0.0,1.01,-1.01,196.48,-196.48,216.61,-216.61,0.0,-0.0,0.0,-0.0,-0.0,0.0,-1.79,1.79,44.98,-44.98,278.03,-278.03,-0.0,0.0,-0.0,278.03,,
ED1,100216,beam,V-60x80,H30,Piso4,2,Y,V-F-32-Piso4,100501,100511,7.251,36.255,21.25,14.71,0.0,-0.0,-0.0,0.0,0.29,-0.29,-95.66,95.66,81.5,-81.5,-0.0,0.0,0.0,-0.0,0.0,-0.0,0.12,-0.12,-63.24,63.24,59.67,-59.67,0.0,-0.0,0.0,-0.0,0.0,-0.0,-3.13,3.13,2.2,-2.2,1.84,-1.84,0.0,-0.0,0.0,-0.0,0.0,-0.0,0.65,-0.65,202.76,-202.76,176.74,-176.74,0.0,-0.0,0.0,-0.0,0.0,-0.0,-1.93,1.93,-4.84,4.84,275.37,-275.37,0.0,-0.0,-0.0,275.37,,
ED1,100217,beam,V-60x80,H30,Piso4,2,Y,V-F-21-Piso4,100511,100521,8.9,44.5,21.25,14.71,0.0,-0.0,0.0,-0.0,-0.21,0.21,-122.82,122.82,136.05,-136.05,0.0,-0.0,0.0,-0.0,0.0,-0.0,-0.08,0.08,-87.51,87.51,91.44,-91.44,0.0,-0.0,0.0,-0.0,-0.0,0.0,2.97,-2.97,2.45,-2.45,2.68,-2.68,-0.0,0.0,0.0,-0.0,0.0,-0.0,0.68,-0.68,168.97,-168.97,189.75,-189.75,0.0,-0.0,0.0,-0.0,-0.0,0.0,2.89,-2.89,-81.39,81.39,372.22,-372.22,-0.0,0.0,-0.0,372.22,,
ED1,100218,beam,V-60x80,H30,Piso4,2,Y,V-G-32-Piso4,100502,100512,7.251,36.255,21.25,14.71,0.0,-0.0,-0.0,0.0,0.06,-0.06,-95.25,95.25,82.11,-82.11,-0.0,0.0,0.0,-0.0,0.0,-0.0,0.04,-0.04,-62.6,62.6,60.33,-60.33,0.0,-0.0,0.0,-0.0,0.0,-0.0,-3.1,3.1,0.72,-0.72,0.65,-0.65,0.0,-0.0,0.0,-0.0,0.0,-0.0,0.49,-0.49,220.19,-220.19,198.07,-198.07,0.0,-0.0,0.0,-0.0,0.0,-0.0,-2.32,2.32,7.94,-7.94,291.58,-291.58,0.0,-0.0,-0.0,291.58,,
ED1,100219,beam,V-60x80,H30,Piso4,2,Y,V-G-21-Piso4,100512,100522,8.9,44.5,21.25,14.71,0.0,-0.0,0.0,-0.0,-0.04,0.04,-122.37,122.37,135.37,-135.37,0.0,-0.0,0.0,-0.0,0.0,-0.0,-0.02,0.02,-87.36,87.36,90.66,-90.66,0.0,-0.0,0.0,-0.0,-0.0,0.0,2.94,-2.94,0.63,-0.63,0.69,-0.69,-0.0,0.0,0.0,-0.0,0.0,-0.0,0.58,-0.58,185.29,-185.29,204.36,-204.36,0.0,-0.0,0.0,-0.0,-0.0,0.0,3.02,-3.02,-70.19,70.19,379.92,-379.92,-0.0,0.0,-0.0,379.92,,
ED1,100220,beam,V-60x80,H30,Piso4,2,Y,V-H-32-Piso4,100503,100513,7.251,36.255,21.25,14.71,0.0,-0.0,-0.0,0.0,0.05,-0.05,-95.7,95.7,81.76,-81.76,-0.0,0.0,0.0,-0.0,0.0,-0.0,0.05,-0.05,-62.9,62.9,60.11,-60.11,0.0,-0.0,0.0,-0.0,0.0,-0.0,-3.44,3.44,-1.25,1.25,-1.09,1.09,0.0,-0.0,0.0,-0.0,0.0,-0.0,0.65,-0.65,214.21,-214.21,192.78,-192.78,0.0,-0.0,0.0,-0.0,0.0,-0.0,-2.51,2.51,0.94,-0.94,285.48,-285.48,0.0,-0.0,-0.0,285.48,,
ED1,100221,beam,V-60x80,H30,Piso4,2,Y,V-H-21-Piso4,100513,100523,8.9,44.5,21.25,14.71,0.0,-0.0,0.0,-0.0,-0.02,0.02,-122.3,122.3,135.64,-135.64,0.0,-0.0,0.0,-0.0,0.0,-0.0,-0.03,0.03,-87.3,87.3,90.85,-90.85,0.0,-0.0,0.0,-0.0,-0.0,0.0,3.21,-3.21,-1.33,1.33,-1.43,1.43,-0.0,0.0,0.0,-0.0,0.0,-0.0,0.68,-0.68,180.24,-180.24,198.81,-198.81,0.0,-0.0,0.0,-0.0,-0.0,0.0,3.35,-3.35,-75.62,75.62,374.31,-374.31,-0.0,0.0,-0.0,374.31,,
ED1,100222,beam,V-60x80,H30,Piso4,2,Y,V-I-32-Piso4,100504,100514,7.251,27.191,15.938,11.033,0.0,-0.0,-0.0,0.0,-3.28,3.28,-70.86,70.86,62.44,-62.44,-0.0,0.0,0.0,-0.0,0.0,-0.0,-2.16,2.16,-46.73,46.73,45.66,-45.66,0.0,-0.0,0.0,-0.0,0.0,-0.0,-1.84,1.84,-2.78,2.78,-2.42,2.42,0.0,-0.0,0.0,-0.0,0.0,-0.0,0.65,-0.65,208.33,-208.33,187.49,-187.49,0.0,-0.0,0.0,-0.0,0.0,-0.0,-6.61,6.61,36.15,-36.15,246.55,-246.55,0.0,-0.0,-0.0,246.55,,
ED1,100223,beam,V-60x80,H30,Piso4,2,Y,V-I-21-Piso4,100514,100524,8.9,33.375,15.938,11.033,0.0,-0.0,0.0,-0.0,2.13,-2.13,-92.08,92.08,101.96,-101.96,0.0,-0.0,0.0,-0.0,0.0,-0.0,1.4,-1.4,-65.68,65.68,68.33,-68.33,0.0,-0.0,0.0,-0.0,-0.0,0.0,1.9,-1.9,-3.31,3.31,-3.58,3.58,-0.0,0.0,0.0,-0.0,0.0,-0.0,0.7,-0.7,175.15,-175.15,193.23,-193.23,0.0,-0.0,0.0,-0.0,-0.0,0.0,5.77,-5.77,-29.38,29.38,311.99,-311.99,-0.0,0.0,-0.0,311.99,,
ED1,100224,beam,V-60x80,H30,Piso4,2,Y,V-I'-32-Piso4,100505,100515,7.251,9.064,5.312,3.678,0.0,-0.0,-0.0,0.0,-2.09,2.09,-22.08,22.08,21.71,-21.71,-0.0,0.0,0.0,-0.0,0.0,-0.0,-1.3,1.3,-14.56,14.56,15.83,-15.83,0.0,-0.0,0.0,-0.0,0.0,-0.0,-0.1,0.1,-8.36,8.36,-8.29,8.29,0.0,-0.0,0.0,-0.0,0.0,-0.0,0.85,-0.85,203.86,-203.86,183.42,-183.42,0.0,-0.0,0.0,-0.0,0.0,-0.0,-2.84,2.84,108.74,-108.74,167.65,-167.65,0.0,-0.0,-0.0,167.65,,
ED1,100225,beam,V-60x80,H30,Piso4,2,Y,V-I'-21-Piso4,100515,100525,8.9,11.125,5.312,3.678,0.0,-0.0,0.0,-0.0,1.41,-1.41,-29.12,29.12,34.41,-34.41,0.0,-0.0,0.0,-0.0,0.0,-0.0,0.88,-0.88,-21.1,21.1,22.72,-22.72,0.0,-0.0,0.0,-0.0,-0.0,0.0,0.58,-0.58,-0.96,0.96,-1.8,1.8,-0.0,0.0,0.0,-0.0,0.0,-0.0,0.89,-0.89,171.4,-171.4,189.13,-189.13,0.0,-0.0,0.0,-0.0,-0.0,0.0,3.49,-3.49,77.47,-77.47,197.36,-197.36,-0.0,0.0,-0.0,197.36,,
ED1,100226,wall,M-20,H30,Subterraneo,1,Y,MURO-F-Subterraneo,100101,100111,7.251,0.0,0.0,0.0,0.0,-0.0,0.0,-0.0,-0.0,0.0,2.22,-2.22,0.73,-0.73,0.0,-0.0,0.0,-0.0,0.0,-0.0,-0.0,0.0,1.17,-1.17,0.33,-0.33,0.0,-0.0,0.0,-0.0,0.0,-0.0,-0.32,0.32,4.27,-4.27,3.92,-3.92,0.0,-0.0,0.0,-0.0,0.0,-0.0,0.11,-0.11,336.18,-336.18,309.45,-309.45,0.0,-0.0,0.0,-0.0,0.0,-0.0,-0.21,0.21,259.36,-259.36,236.69,-236.69,0.0,-0.0,-0.0,236.69,1368.0,0.173
ED1,100227,wall,M-20,H30,Subterraneo,1,Y,MURO-F-Subterraneo,100111,100121,8.9,0.0,0.0,0.0,0.0,-0.0,-0.0,0.0,0.0,-0.0,1.61,-1.61,-4.04,4.04,-0.0,0.0,0.0,-0.0,-0.0,0.0,0.0,-0.0,0.99,-0.99,-2.19,2.19,-0.0,0.0,0.0,-0.0,-0.0,0.0,0.3,-0.3,4.17,-4.17,4.56,-4.56,-0.0,0.0,0.0,-0.0,0.0,-0.0,0.11,-0.11,318.03,-318.03,348.76,-348.76,0.0,-0.0,0.0,-0.0,-0.0,0.0,0.36,-0.36,244.87,-244.87,259.44,-259.44,-0.0,0.0,-0.0,259.44,1368.0,0.19
ED1,100228,wall,M-20,H30,Piso1,1,Y,MURO-F-Piso1,100201,100211,7.251,0.0,0.0,0.0,0.0,-0.0,0.0,-0.0,0.0,-0.0,-1.77,1.77,-3.2,3.2,0.0,-0.0,0.0,-0.0,0.0,-0.0,0.0,-0.0,-1.15,1.15,-1.96,1.96,0.0,-0.0,0.0,-0.0,-0.0,0.0,-0.25,0.25,4.14,-4.14,3.85,-3.85,-0.0,0.0,0.0,-0.0,0.0,-0.0,0.09,-0.09,325.05,-325.05,303.49,-303.49,0.0,-0.0,0.0,-0.0,-0.0,0.0,-0.15,0.15,244.58,-244.58,225.92,-225.92,-0.0,0.0,-0.0,225.92,1368.0,0.165
ED1,100229,wall,M-20,H30,Piso1,1,Y,MURO-F-Piso1,100211,100221,8.9,0.0,0.0,0.0,0.0,-0.0,0.0,-0.0,-0.0,0.0,4.9,-4.9,0.19,-0.19,0.0,-0.0,0.0,-0.0,-0.0,0.0,-0.0,0.0,2.92,-2.92,0.28,-0.28,-0.0,0.0,0.0,-0.0,0.0,-0.0,0.25,-0.25,4.21,-4.21,4.52,-4.52,0.0,-0.0,0.0,-0.0,0.0,-0.0,0.09,-0.09,314.13,-314.13,338.62,-338.62,0.0,-0.0,0.0,-0.0,0.0,-0.0,0.29,-0.29,247.21,-247.21,258.5,-258.5,0.0,-0.0,-0.0,258.5,1368.0,0.189
ED1,100230,wall,M-20,H30,Piso2,1,Y,MURO-F-Piso2,100301,100311,7.251,0.0,0.0,0.0,0.0,-0.0,-0.0,0.0,0.01,-0.01,-3.18,3.18,-4.87,4.87,-0.0,0.0,0.0,-0.0,-0.0,0.0,0.0,-0.0,-1.95,1.95,-2.93,2.93,-0.0,0.0,0.0,-0.0,-0.0,0.0,-0.19,0.19,3.01,-3.01,2.79,-2.79,-0.0,0.0,0.0,-0.0,0.0,-0.0,0.07,-0.07,240.86,-240.86,224.28,-224.28,0.0,-0.0,0.0,-0.0,-0.0,0.0,-0.11,0.11,178.22,-178.22,162.92,-162.92,-0.0,0.0,-0.0,162.92,1368.0,0.119
ED1,100231,wall,M-20,H30,Piso2,1,Y,MURO-F-Piso2,100311,100321,8.9,0.0,0.0,0.0,0.0,-0.0,-0.0,0.0,-0.0,0.0,6.92,-6.92,1.61,-1.61,-0.0,0.0,0.0,-0.0,-0.0,0.0,-0.0,0.0,4.12,-4.12,1.07,-1.07,-0.0,0.0,0.0,-0.0,0.0,-0.0,0.19,-0.19,3.19,-3.19,3.42,-3.42,0.0,-0.0,0.0,-0.0,0.0,-0.0,0.07,-0.07,235.72,-235.72,254.25,-254.25,0.0,-0.0,0.0,-0.0,0.0,-0.0,0.21,-0.21,190.7,-190.7,196.44,-196.44,0.0,-0.0,-0.0,196.44,1368.0,0.144
ED1,100232,wall,M-20,H30,Piso3,2,Y,MURO-F-Piso3,100401,100411,7.251,0.0,0.0,0.0,0.0,-0.0,0.0,-0.0,0.01,-0.01,-5.67,5.67,-7.12,7.12,0.0,-0.0,0.0,-0.0,-0.0,0.0,0.01,-0.01,-3.8,3.8,-4.58,4.58,-0.0,0.0,0.0,-0.0,0.0,-0.0,-0.11,0.11,1.75,-1.75,1.63,-1.63,0.0,-0.0,0.0,-0.0,0.0,-0.0,0.04,-0.04,146.56,-146.56,137.43,-137.43,0.0,-0.0,0.0,-0.0,0.0,-0.0,-0.06,0.06,102.04,-102.04,92.84,-92.84,0.0,-0.0,-0.0,92.84,1368.0,0.068
ED1,100233,wall,M-20,H30,Piso3,2,Y,MURO-F-Piso3,100411,100421,8.9,0.0,0.0,0.0,0.0,-0.0,-0.0,0.0,-0.01,0.01,8.69,-8.69,4.26,-4.26,-0.0,0.0,0.0,-0.0,0.0,-0.0,-0.0,0.0,5.29,-5.29,3.04,-3.04,0.0,-0.0,0.0,-0.0,-0.0,0.0,0.11,-0.11,2.04,-2.04,2.16,-2.16,-0.0,0.0,0.0,-0.0,0.0,-0.0,0.04,-0.04,148.57,-148.57,158.59,-158.59,0.0,-0.0,0.0,-0.0,-0.0,0.0,0.12,-0.12,127.25,-127.25,128.18,-128.18,-0.0,0.0,-0.0,128.18,1368.0,0.094
ED1,100234,wall,M-20,H30,Piso4,2,Y,MURO-F-Piso4,100501,100511,7.251,0.0,0.0,0.0,0.0,-0.0,-0.0,0.0,0.01,-0.01,-0.86,0.86,-3.89,3.89,-0.0,0.0,0.0,-0.0,0.0,-0.0,0.0,-0.0,0.41,-0.41,-1.61,1.61,0.0,-0.0,0.0,-0.0,0.0,-0.0,-0.08,0.08,0.74,-0.74,0.62,-0.62,0.0,-0.0,0.0,-0.0,0.0,-0.0,0.02,-0.02,68.07,-68.07,59.33,-59.33,0.0,-0.0,0.0,-0.0,0.0,-0.0,-0.05,0.05,51.27,-51.27,39.55,-39.55,0.0,-0.0,-0.0,39.55,1368.0,0.029
ED1,100235,wall,M-20,H30,Piso4,2,Y,MURO-F-Piso4,100511,100521,8.9,0.0,0.0,0.0,0.0,-0.0,0.0,-0.0,-0.01,0.01,7.19,-7.19,-1.74,1.74,0.0,-0.0,0.0,-0.0,0.0,-0.0,-0.0,0.0,3.95,-3.95,-2.33,2.33,0.0,-0.0,0.0,-0.0,-0.0,0.0,0.08,-0.08,1.01,-1.01,1.1,-1.1,-0.0,0.0,0.0,-0.0,0.0,-0.0,0.02,-0.02,69.62,-69.62,78.19,-78.19,0.0,-0.0,0.0,-0.0,-0.0,0.0,0.07,-0.07,64.27,-64.27,55.56,-55.56,-0.0,0.0,-0.0,55.56,1368.0,0.041
ED1,100236,wall,M-20,H30,Subterraneo,1,X,MURO-2-Subterraneo,100110,100111,10.0,0.0,0.0,0.0,0.0,-0.0,-0.0,0.0,-0.01,0.01,5.0,-5.0,0.65,-0.65,-0.0,0.0,0.0,-0.0,-0.0,0.0,-0.01,0.01,2.73,-2.73,0.29,-0.29,-0.0,0.0,0.0,-0.0,0.0,-0.0,0.03,-0.03,299.09,-299.09,278.37,-278.37,0.0,-0.0,0.0,-0.0,-0.0,0.0,0.38,-0.38,-0.74,0.74,-0.7,0.7,-0.0,0.0,0.0,-0.0,-0.0,0.0,0.28,-0.28,276.35,-276.35,250.95,-250.95,-0.0,0.0,-0.0,250.95,1368.0,0.183
ED1,100237,wall,M-20,H30,Subterraneo,1,X,MURO-2-Subterraneo,100111,100112,10.0,0.0,0.0,0.0,0.0,-0.0,-0.0,0.0,-0.0,0.0,-0.4,0.4,-0.3,0.3,-0.0,0.0,0.0,-0.0,-0.0,0.0,-0.0,0.0,-0.24,0.24,-0.18,0.18,-0.0,0.0,0.0,-0.0,0.0,-0.0,0.02,-0.02,261.05,-261.05,262.25,-262.25,0.0,-0.0,0.0,-0.0,0.0,-0.0,-0.18,0.18,-0.56,0.56,-0.56,0.56,0.0,-0.0,0.0,-0.0,0.0,-0.0,-0.12,0.12,233.89,-233.89,235.12,-235.12,0.0,-0.0,-0.0,235.12,1368.0,0.172
ED1,100238,wall,M-20,H30,Subterraneo,1,X,MURO-2-Subterraneo,100112,100113,10.0,0.0,0.0,0.0,0.0,-0.0,0.0,-0.0,0.0,-0.0,-0.1,0.1,-0.01,0.01,0.0,-0.0,0.0,-0.0,0.0,-0.0,0.0,-0.0,-0.07,0.07,-0.03,0.03,0.0,-0.0,0.0,-0.0,0.0,-0.0,0.02,-0.02,263.74,-263.74,264.19,-264.19,0.0,-0.0,0.0,-0.0,0.0,-0.0,0.1,-0.1,-0.62,0.62,-0.62,0.62,0.0,-0.0,0.0,-0.0,0.0,-0.0,0.09,-0.09,236.73,-236.73,237.27,-237.27,0.0,-0.0,-0.0,237.27,1368.0,0.173
ED1,100239,wall,M-20,H30,Subterraneo,1,X,MURO-2-Subterraneo,100113,100114,10.0,0.0,0.0,0.0,0.0,-0.0,-0.0,0.0,0.01,-0.01,-1.14,1.14,-4.15,4.15,-0.0,0.0,0.0,-0.0,-0.0,0.0,0.0,-0.0,-0.63,0.63,-2.32,2.32,-0.0,0.0,0.0,-0.0,0.0,-0.0,0.02,-0.02,257.3,-257.3,246.59,-246.59,0.0,-0.0,0.0,-0.0,-0.0,0.0,0.1,-0.1,-0.6,0.6,-0.57,0.57,-0.0,0.0,0.0,-0.0,-0.0,0.0,0.11,-0.11,229.36,-229.36,215.03,-215.03,-0.0,0.0,-0.0,215.03,1368.0,0.157
ED1,100240,wall,M-20,H30,Subterraneo,1,X,MURO-2-Subterraneo,100114,100115,5.0,0.0,0.0,0.0,0.0,-0.0,-0.0,0.0,0.03,-0.03,-1.22,1.22,0.53,-0.53,-0.0,0.0,0.0,-0.0,-0.0,0.0,0.02,-0.02,-0.61,0.61,0.37,-0.37,-0.0,0.0,0.0,-0.0,0.0,-0.0,0.02,-0.02,234.08,-234.08,252.51,-252.51,0.0,-0.0,0.0,-0.0,0.0,-0.0,0.1,-0.1,-0.55,0.55,-0.59,0.59,0.0,-0.0,0.0,-0.0,0.0,-0.0,0.14,-0.14,208.43,-208.43,227.72,-227.72,0.0,-0.0,-0.0,227.72,1368.0,0.166
ED1,100241,wall,M-20,H30,Piso1,1,X,MURO-2-Piso1,100210,100211,10.0,0.0,0.0,0.0,0.0,-0.0,0.0,-0.0,-0.01,0.01,0.71,-0.71,-2.6,2.6,0.0,-0.0,0.0,-0.0,-0.0,0.0,-0.01,0.01,0.23,-0.23,-1.61,1.61,-0.0,0.0,0.0,-0.0,0.0,-0.0,0.03,-0.03,279.57,-279.57,263.57,-263.57,0.0,-0.0,0.0,-0.0,0.0,-0.0,0.33,-0.33,-0.64,0.64,-0.62,0.62,0.0,-0.0,0.0,-0.0,0.0,-0.0,0.25,-0.25,252.07,-252.07,232.54,-232.54,0.0,-0.0,-0.0,232.54,1368.0,0.17
ED1,100242,wall,M-20,H30,Piso1,1,X,MURO-2-Piso1,100211,100212,10.0,0.0,0.0,0.0,0.0,-0.0,0.0,-0.0,-0.0,0.0,-0.38,0.38,-0.54,0.54,0.0,-0.0,0.0,-0.0,-0.0,0.0,-0.0,0.0,-0.23,0.23,-0.32,0.32,-0.0,0.0,0.0,-0.0,0.0,-0.0,0.02,-0.02,251.84,-251.84,252.44,-252.44,0.0,-0.0,0.0,-0.0,-0.0,0.0,-0.15,0.15,-0.43,0.43,-0.44,0.44,-0.0,0.0,0.0,-0.0,-0.0,0.0,-0.09,0.09,225.72,-225.72,226.0,-226.0,-0.0,0.0,-0.0,226.0,1368.0,0.165
ED1,100243,wall,M-20,H30,Piso1,1,X,MURO-2-Piso1,100212,100213,10.0,0.0,0.0,0.0,0.0,-0.0,0.0,-0.0,0.0,-0.0,-0.67,0.67,-0.69,0.69,0.0,-0.0,0.0,-0.0,-0.0,0.0,0.0,-0.0,-0.41,0.41,-0.43,0.43,-0.0,0.0,0.0,-0.0,-0.0,0.0,0.02,-0.02,252.87,-252.87,252.92,-252.92,-0.0,0.0,0.0,-0.0,-0.0,0.0,0.09,-0.09,-0.52,0.52,-0.52,0.52,-0.0,0.0,0.0,-0.0,-0.0,0.0,0.09,-0.09,226.11,-226.11,226.12,-226.12,-0.0,0.0,-0.0,226.12,1368.0,0.165
ED1,100244,wall,M-20,H30,Piso1,1,X,MURO-2-Piso1,100213,100214,10.0,0.0,0.0,0.0,0.0,-0.0,0.0,-0.0,0.01,-0.01,-0.38,0.38,-3.29,3.29,0.0,-0.0,0.0,-0.0,-0.0,0.0,0.0,-0.0,-0.19,0.19,-1.83,1.83,-0.0,0.0,0.0,-0.0,-0.0,0.0,0.02,-0.02,251.12,-251.12,243.74,-243.74,-0.0,0.0,0.0,-0.0,0.0,-0.0,0.09,-0.09,-0.51,0.51,-0.5,0.5,0.0,-0.0,0.0,-0.0,0.0,-0.0,0.1,-0.1,225.06,-225.06,213.88,-213.88,0.0,-0.0,-0.0,213.88,1368.0,0.156
ED1,100245,wall,M-20,H30,Piso1,1,X,MURO-2-Piso1,100214,100215,5.0,0.0,0.0,0.0,0.0,-0.0,-0.0,0.0,0.03,-0.03,2.59,-2.59,4.04,-4.04,-0.0,0.0,0.0,-0.0,0.0,-0.0,0.02,-0.02,1.61,-1.61,2.42,-2.42,0.0,-0.0,0.0,-0.0,0.0,-0.0,0.02,-0.02,217.72,-217.72,232.69,-232.69,0.0,-0.0,0.0,-0.0,-0.0,0.0,0.09,-0.09,-0.44,0.44,-0.47,0.47,-0.0,0.0,0.0,-0.0,-0.0,0.0,0.13,-0.13,199.82,-199.82,215.53,-215.53,-0.0,0.0,-0.0,215.53,1368.0,0.158
ED1,100246,wall,M-20,H30,Piso2,1,X,MURO-2-Piso2,100310,100311,10.0,0.0,0.0,0.0,0.0,-0.0,-0.0,0.0,-0.01,0.01,-0.71,0.71,-4.4,4.4,-0.0,0.0,0.0,-0.0,0.0,-0.0,-0.01,0.01,-0.56,0.56,-2.68,2.68,0.0,-0.0,0.0,-0.0,0.0,-0.0,0.02,-0.02,208.12,-208.12,195.71,-195.71,0.0,-0.0,0.0,-0.0,0.0,-0.0,0.24,-0.24,-0.47,0.47,-0.45,0.45,0.0,-0.0,0.0,-0.0,0.0,-0.0,0.17,-0.17,185.68,-185.68,168.72,-168.72,0.0,-0.0,-0.0,168.72,1368.0,0.123
ED1,100247,wall,M-20,H30,Piso2,1,X,MURO-2-Piso2,100311,100312,10.0,0.0,0.0,0.0,0.0,-0.0,-0.0,0.0,-0.0,0.0,-0.77,0.77,-0.96,0.96,-0.0,0.0,0.0,-0.0,-0.0,0.0,-0.0,0.0,-0.48,0.48,-0.59,0.59,-0.0,0.0,0.0,-0.0,0.0,-0.0,0.02,-0.02,188.32,-188.32,188.8,-188.8,0.0,-0.0,0.0,-0.0,0.0,-0.0,-0.11,0.11,-0.26,0.26,-0.27,0.27,0.0,-0.0,0.0,-0.0,0.0,-0.0,-0.07,0.07,168.04,-168.04,168.17,-168.17,0.0,-0.0,-0.0,168.17,1368.0,0.123
ED1,100248,wall,M-20,H30,Piso2,1,X,MURO-2-Piso2,100312,100313,10.0,0.0,0.0,0.0,0.0,-0.0,-0.0,0.0,0.0,-0.0,-1.11,1.11,-1.16,1.16,-0.0,0.0,0.0,-0.0,-0.0,0.0,0.0,-0.0,-0.68,0.68,-0.7,0.7,-0.0,0.0,0.0,-0.0,0.0,-0.0,0.02,-0.02,188.89,-188.89,188.75,-188.75,0.0,-0.0,0.0,-0.0,-0.0,0.0,0.06,-0.06,-0.36,0.36,-0.35,0.35,-0.0,0.0,0.0,-0.0,-0.0,0.0,0.06,-0.06,167.94,-167.94,167.75,-167.75,-0.0,0.0,-0.0,167.75,1368.0,0.123
ED1,100249,wall,M-20,H30,Piso2,1,X,MURO-2-Piso2,100313,100314,10.0,0.0,0.0,0.0,0.0,-0.0,-0.0,0.0,0.01,-0.01,-0.16,0.16,-3.45,3.45,-0.0,0.0,0.0,-0.0,-0.0,0.0,0.01,-0.01,-0.07,0.07,-1.96,1.96,-0.0,0.0,0.0,-0.0,-0.0,0.0,0.02,-0.02,190.7,-190.7,186.2,-186.2,-0.0,0.0,0.0,-0.0,0.0,-0.0,0.07,-0.07,-0.36,0.36,-0.35,0.35,0.0,-0.0,0.0,-0.0,0.0,-0.0,0.08,-0.08,171.14,-171.14,161.91,-161.91,0.0,-0.0,-0.0,161.91,1368.0,0.118
ED1,100250,wall,M-20,H30,Piso2,1,X,MURO-2-Piso2,100314,100315,5.0,0.0,0.0,0.0,0.0,-0.0,0.0,-0.0,0.03,-0.03,4.37,-4.37,5.88,-5.88,0.0,-0.0,0.0,-0.0,-0.0,0.0,0.02,-0.02,2.66,-2.66,3.52,-3.52,-0.0,0.0,0.0,-0.0,-0.0,0.0,0.02,-0.02,152.63,-152.63,164.35,-164.35,-0.0,0.0,0.0,-0.0,0.0,-0.0,0.06,-0.06,-0.28,0.28,-0.3,0.3,0.0,-0.0,0.0,-0.0,0.0,-0.0,0.11,-0.11,144.2,-144.2,157.1,-157.1,0.0,-0.0,-0.0,157.1,1368.0,0.115
ED1,100251,wall,M-20,H30,Piso3,2,X,MURO-2-Piso3,100410,100411,10.0,0.0,0.0,0.0,0.0,-0.0,0.0,-0.0,-0.01,0.01,-3.31,3.31,-6.18,6.18,0.0,-0.0,0.0,-0.0,-0.0,0.0,-0.01,0.01,-2.51,2.51,-3.88,3.88,-0.0,0.0,0.0,-0.0,0.0,-0.0,0.01,-0.01,127.96,-127.96,121.11,-121.11,0.0,-0.0,0.0,-0.0,0.0,-0.0,0.14,-0.14,-0.28,0.28,-0.28,0.28,0.0,-0.0,0.0,-0.0,0.0,-0.0,0.1,-0.1,109.13,-109.13,98.74,-98.74,0.0,-0.0,-0.0,98.74,1368.0,0.072
ED1,100252,wall,M-20,H30,Piso3,2,X,MURO-2-Piso3,100411,100412,10.0,0.0,0.0,0.0,0.0,-0.0,-0.0,0.0,-0.0,0.0,-0.72,0.72,-1.06,1.06,-0.0,0.0,0.0,-0.0,0.0,-0.0,0.0,-0.0,-0.34,0.34,-0.58,0.58,0.0,-0.0,0.0,-0.0,0.0,-0.0,0.01,-0.01,119.24,-119.24,119.27,-119.27,0.0,-0.0,0.0,-0.0,0.0,-0.0,-0.06,0.06,-0.1,0.1,-0.1,0.1,0.0,-0.0,0.0,-0.0,0.0,-0.0,-0.04,0.04,106.18,-106.18,105.63,-105.63,0.0,-0.0,-0.0,105.63,1368.0,0.077
ED1,100253,wall,M-20,H30,Piso3,2,X,MURO-2-Piso3,100412,100413,10.0,0.0,0.0,0.0,0.0,-0.0,-0.0,0.0,0.0,-0.0,-1.41,1.41,-1.53,1.53,-0.0,0.0,0.0,-0.0,0.0,-0.0,0.0,-0.0,-0.85,0.85,-0.93,0.93,0.0,-0.0,0.0,-0.0,0.0,-0.0,0.01,-0.01,118.88,-118.88,118.69,-118.69,0.0,-0.0,0.0,-0.0,-0.0,0.0,0.04,-0.04,-0.19,0.19,-0.19,0.19,-0.0,0.0,0.0,-0.0,-0.0,0.0,0.04,-0.04,104.59,-104.59,104.22,-104.22,-0.0,0.0,-0.0,104.22,1368.0,0.076
ED1,100254,wall,M-20,H30,Piso3,2,X,MURO-2-Piso3,100413,100414,10.0,0.0,0.0,0.0,0.0,-0.0,0.0,-0.0,0.01,-0.01,0.26,-0.26,-2.84,2.84,0.0,-0.0,0.0,-0.0,0.0,-0.0,0.0,-0.0,0.27,-0.27,-1.43,1.43,0.0,-0.0,0.0,-0.0,0.0,-0.0,0.01,-0.01,123.92,-123.92,122.36,-122.36,0.0,-0.0,0.0,-0.0,0.0,-0.0,0.04,-0.04,-0.2,0.2,-0.2,0.2,0.0,-0.0,0.0,-0.0,0.0,-0.0,0.05,-0.05,111.91,-111.91,105.7,-105.7,0.0,-0.0,-0.0,105.7,1368.0,0.077
ED1,100255,wall,M-20,H30,Piso3,2,X,MURO-2-Piso3,100414,100415,5.0,0.0,0.0,0.0,0.0,-0.0,-0.0,0.0,0.03,-0.03,6.51,-6.51,7.95,-7.95,-0.0,0.0,0.0,-0.0,-0.0,0.0,0.01,-0.01,4.18,-4.18,4.93,-4.93,-0.0,0.0,0.0,-0.0,-0.0,0.0,0.01,-0.01,83.88,-83.88,90.62,-90.62,-0.0,0.0,0.0,-0.0,0.0,-0.0,0.04,-0.04,-0.12,0.12,-0.13,0.13,0.0,-0.0,0.0,-0.0,0.0,-0.0,0.08,-0.08,86.1,-86.1,94.35,-94.35,0.0,-0.0,-0.0,94.35,1368.0,0.069
ED1,100256,wall,M-20,H30,Piso4,2,X,MURO-2-Piso4,100510,100511,10.0,0.0,0.0,0.0,0.0,-0.0,-0.0,0.0,-0.02,0.02,2.94,-2.94,-3.26,3.26,-0.0,0.0,0.0,-0.0,0.0,-0.0,-0.02,0.02,3.14,-3.14,-1.38,1.38,0.0,-0.0,0.0,-0.0,0.0,-0.0,0.01,-0.01,62.6,-62.6,56.08,-56.08,0.0,-0.0,0.0,-0.0,0.0,-0.0,0.08,-0.08,-0.14,0.14,-0.14,0.14,0.0,-0.0,0.0,-0.0,0.0,-0.0,0.03,-0.03,62.31,-62.31,45.73,-45.73,0.0,-0.0,-0.0,45.73,1368.0,0.033
ED1,100257,wall,M-20,H30,Piso4,2,X,MURO-2-Piso4,100511,100512,10.0,0.0,0.0,0.0,0.0,-0.0,-0.0,0.0,-0.0,0.0,-0.5,0.5,-0.75,0.75,-0.0,0.0,0.0,-0.0,-0.0,0.0,-0.0,0.0,-0.43,0.43,-0.48,0.48,-0.0,0.0,0.0,-0.0,0.0,-0.0,0.0,-0.0,54.91,-54.91,55.19,-55.19,0.0,-0.0,0.0,-0.0,0.0,-0.0,-0.05,0.05,0.02,-0.02,0.01,-0.01,0.0,-0.0,0.0,-0.0,0.0,-0.0,-0.04,0.04,48.51,-48.51,48.45,-48.45,0.0,-0.0,-0.0,48.45,1368.0,0.035
ED1,100258,wall,M-20,H30,Piso4,2,X,MURO-2-Piso4,100512,100513,10.0,0.0,0.0,0.0,0.0,-0.0,-0.0,0.0,0.0,-0.0,-0.87,0.87,-0.84,0.84,-0.0,0.0,0.0,-0.0,-0.0,0.0,0.0,-0.0,-0.43,0.43,-0.38,0.38,-0.0,0.0,0.0,-0.0,0.0,-0.0,0.01,-0.01,54.33,-54.33,53.4,-53.4,0.0,-0.0,0.0,-0.0,0.0,-0.0,0.02,-0.02,-0.08,0.08,-0.07,0.07,0.0,-0.0,0.0,-0.0,0.0,-0.0,0.02,-0.02,47.53,-47.53,46.79,-46.79,0.0,-0.0,-0.0,46.79,1368.0,0.034
ED1,100259,wall,M-20,H30,Piso4,2,X,MURO-2-Piso4,100513,100514,10.0,0.0,0.0,0.0,0.0,-0.0,-0.0,0.0,0.02,-0.02,-0.65,0.65,-5.84,5.84,-0.0,0.0,0.0,-0.0,0.0,-0.0,0.01,-0.01,-0.61,0.61,-4.1,4.1,0.0,-0.0,0.0,-0.0,-0.0,0.0,0.01,-0.01,61.23,-61.23,62.96,-62.96,-0.0,0.0,0.0,-0.0,0.0,-0.0,0.02,-0.02,-0.08,0.08,-0.08,0.08,0.0,-0.0,0.0,-0.0,0.0,-0.0,0.04,-0.04,53.78,-53.78,46.66,-46.66,0.0,-0.0,-0.0,46.66,1368.0,0.034
ED1,100260,wall,M-20,H30,Piso4,2,X,MURO-2-Piso4,100514,100515,5.0,0.0,0.0,0.0,0.0,-0.0,-0.0,0.0,0.05,-0.05,2.65,-2.65,4.61,-4.61,-0.0,0.0,0.0,-0.0,0.0,-0.0,0.03,-0.03,0.91,-0.91,2.35,-2.35,0.0,-0.0,0.0,-0.0,0.0,-0.0,0.0,-0.0,27.45,-27.45,34.52,-34.52,0.0,-0.0,0.0,-0.0,-0.0,0.0,0.01,-0.01,-0.01,0.01,-0.02,0.02,-0.0,0.0,0.0,-0.0,-0.0,0.0,0.09,-0.09,28.26,-28.26,38.02,-38.02,-0.0,0.0,-0.0,38.02,1368.0,0.028
ED2,200001,column,PILAR-70x70,H35,sub1,1,Z,COL-A-3-sub1,200001,200101,3.96,0.0,0.0,0.0,-1662.87,1662.87,-124.23,124.23,-0.15,0.15,-17.11,17.11,57.41,-57.41,-300.55,300.55,-968.95,968.95,-69.73,69.73,-0.08,0.08,-9.62,9.62,32.19,-32.19,-168.72,168.72,1435.66,-1435.66,31.73,-31.73,-0.16,0.16,2148.64,-2148.64,722.86,-722.86,62.05,-62.05,778.74,-778.74,3024.85,-3024.85,-17.46,17.46,-211.15,211.15,-102.93,102.93,418.98,-418.98,-755.67,755.67,2103.23,-2103.23,-13.47,13.47,1748.67,-1748.67,662.98,-662.98,-99.19,99.19,755.67,670.36,631.45,1.062
ED2,200002,column,PILAR-70x70,H35,sub1,1,Z,COL-A-1-sub1,200021,200121,3.96,0.0,0.0,0.0,-1660.5,1660.5,161.07,-161.07,-0.15,0.15,-11.65,11.65,62.95,-62.95,270.05,-270.05,-967.67,967.67,90.42,-90.42,-0.08,0.08,-6.55,6.55,35.3,-35.3,151.59,-151.59,1405.61,-1405.61,-23.15,23.15,-0.16,0.16,2144.77,-2144.77,709.45,-709.45,-47.69,47.69,-780.38,780.38,3021.63,-3021.63,-17.46,17.46,211.06,-211.06,108.31,-108.31,412.56,-412.56,-1948.4,1948.4,2496.89,-2496.89,-13.47,13.47,2070.39,-2070.39,817.99,-817.99,688.13,-688.13,1948.4,1068.94,818.09,1.307
ED2,200003,column,PILAR-70x70,H35,sub1,1,Z,COL-B-3-sub1,200002,200102,3.96,0.0,0.0,0.0,-1710.75,1710.75,-156.74,156.74,-0.15,0.15,-66.1,66.1,-40.57,40.57,-363.08,363.08,-996.2,996.2,-88.0,88.0,-0.08,0.08,-37.1,37.1,-22.77,22.77,-203.84,203.84,-611.14,611.14,-10.24,10.24,-0.16,0.16,2348.85,-2348.85,1123.29,-1123.29,-19.23,19.23,707.13,-707.13,2773.77,-2773.77,-17.46,17.46,-199.82,199.82,-80.26,80.26,210.87,-210.87,-2726.63,2726.63,1826.37,-1826.37,-13.47,13.47,1860.89,-1860.89,887.42,-887.42,-426.08,426.08,2726.63,984.41,939.87,1.047
ED2,200004,column,PILAR-70x70,H35,sub1,1,Z,COL-B-1-sub1,200022,200122,3.96,0.0,0.0,0.0,-1693.57,1693.57,186.48,-186.48,-0.15,0.15,-63.29,63.29,-40.33,40.33,323.36,-323.36,-986.27,986.27,104.69,-104.69,-0.08,0.08,-35.52,35.52,-22.64,22.64,181.53,-181.53,-601.13,601.13,6.79,-6.79,-0.16,0.16,2347.48,-2347.48,1114.85,-1114.85,14.82,-14.82,-707.65,707.65,2774.85,-2774.85,-17.46,17.46,195.98,-195.98,78.16,-78.16,213.04,-213.04,-3751.6,3751.6,2378.42,-2378.42,-13.47,13.47,2160.9,-2160.9,999.01,-999.01,678.01,-678.01,3751.6,1207.36,1100.27,1.097
ED2,200005,column,PILAR-70x70,H35,sub1,1,Z,COL-C-3-sub1,200003,200103,3.96,0.0,0.0,0.0,-1982.46,1982.46,-171.34,171.34,-0.15,0.15,-58.44,58.44,-25.25,25.25,-388.94,388.94,-1155.21,1155.21,-96.17,96.17,-0.08,0.08,-32.79,32.79,-14.15,14.15,-218.31,218.31,65.68,-65.68,-0.87,0.87,-0.16,0.16,2294.56,-2294.56,1014.72,-1014.72,3.02,-3.02,647.89,-647.89,2599.11,-2599.11,-17.46,17.46,-190.35,190.35,-61.33,61.33,253.62,-253.62,-2592.64,2592.64,1681.04,-1681.04,-13.47,13.47,1831.11,-1831.11,827.86,-827.86,-414.32,414.32,2592.64,925.75,918.91,1.007
ED2,200006,column,PILAR-70x70,H35,sub1,1,Z,COL-C-1-sub1,200023,200123,3.96,0.0,0.0,0.0,-1957.42,1957.42,197.31,-197.31,-0.15,0.15,-55.93,55.93,-25.62,25.62,348.36,-348.36,-1140.75,1140.75,110.76,-110.76,-0.08,0.08,-31.38,31.38,-14.36,14.36,195.54,-195.54,62.86,-62.86,-2.84,2.84,-0.16,0.16,2292.19,-2292.19,1004.29,-1004.29,-0.91,0.91,-641.61,641.61,2598.24,-2598.24,-17.46,17.46,186.9,-186.9,60.0,-60.0,251.88,-251.88,-3522.8,3522.8,2254.19,-2254.19,-13.47,13.47,2115.84,-2115.84,908.88,-908.88,731.99,-731.99,3522.8,1166.99,1064.46,1.096
ED2,200007,column,PILAR-70x70,H35,sub1,1,Z,COL-D-3-sub1,200005,200105,3.96,0.0,0.0,0.0,-1023.48,1023.48,-83.18,83.18,-0.15,0.15,16.03,-16.03,123.69,-123.69,-209.29,209.29,-596.04,596.04,-46.7,46.7,-0.08,0.08,9.0,-9.0,69.44,-69.44,-117.5,117.5,-889.67,889.67,-19.29,19.29,-0.16,0.16,2077.99,-2077.99,581.57,-581.57,-30.29,30.29,1028.55,-1028.55,2516.47,-2516.47,-17.46,17.46,-189.67,189.67,-59.95,59.95,480.4,-480.4,-1648.81,1648.81,1740.11,-1740.11,-13.47,13.47,1752.97,-1752.97,671.58,-671.58,6.26,-6.26,1648.81,671.61,771.21,0.871
ED2,200008,column,PILAR-70x70,H35,sub1,1,Z,COL-D-1-sub1,200025,200125,3.96,0.0,0.0,0.0,-1052.31,1052.31,117.89,-117.89,-0.15,0.15,19.32,-19.32,124.89,-124.89,192.85,-192.85,-612.86,612.86,66.18,-66.18,-0.08,0.08,10.85,-10.85,70.11,-70.11,108.26,-108.26,-867.87,867.87,9.27,-9.27,-0.16,0.16,2074.08,-2074.08,568.06,-568.06,26.83,-26.83,-1032.67,1032.67,2523.3,-2523.3,-17.46,17.46,189.62,-189.62,65.43,-65.43,494.07,-494.07,-3220.76,3220.76,2084.88,-2084.88,-13.47,13.47,2039.06,-2039.06,755.32,-755.32,695.81,-695.81,3220.76,1026.97,1017.2,1.01
ED2,200009,column,PILAR-70x70,H35,piso1,1,Z,COL-A-3-piso1,200101,200201,3.96,0.0,0.0,0.0,-1320.48,1320.48,-382.08,382.08,-0.35,0.35,31.36,-31.36,41.06,-41.06,-356.19,356.19,-777.08,777.08,-213.75,213.75,-0.2,0.2,17.49,-17.49,22.98,-22.98,-198.61,198.61,1000.16,-1000.16,86.62,-86.62,-0.34,0.34,1014.83,-1014.83,1068.71,-1068.71,79.36,-79.36,575.35,-575.35,1522.59,-1522.59,-30.07,30.07,-210.15,210.15,-193.78,193.78,1312.35,-1312.35,-765.9,765.9,624.07,-624.07,-23.4,23.4,804.59,-804.59,880.55,-880.55,500.89,-500.89,765.9,1013.04,633.05,1.6
ED2,200010,column,PILAR-70x70,H35,piso1,1,Z,COL-A-1-piso1,200121,200221,3.96,0.0,0.0,0.0,-1320.32,1320.32,399.32,-399.32,-0.35,0.35,42.74,-42.74,50.94,-50.94,350.71,-350.71,-777.03,777.03,223.51,-223.51,-0.2,0.2,23.88,-23.88,28.51,-28.51,195.44,-195.44,979.7,-979.7,-65.3,65.3,-0.34,0.34,999.19,-999.19,1053.8,-1053.8,-59.87,59.87,-576.74,576.74,1513.23,-1513.23,-30.07,30.07,215.0,-215.0,199.3,-199.3,1303.27,-1303.27,-1648.17,1648.17,1698.98,-1698.98,-23.4,23.4,1127.14,-1127.14,1177.35,-1177.35,1469.72,-1469.72,1648.17,1883.14,771.11,2.442
ED2,200011,column,PILAR-70x70,H35,piso1,1,Z,COL-B-3-piso1,200102,200202,3.96,0.0,0.0,0.0,-1353.0,1353.0,-468.81,468.81,-0.35,0.35,-107.44,107.44,-89.59,89.59,-433.73,433.73,-795.73,795.73,-262.29,262.29,-0.2,0.2,-60.29,60.29,-50.14,50.14,-241.81,241.81,-415.08,415.08,-26.91,26.91,-0.34,0.34,1576.41,-1576.41,1591.25,-1591.25,-24.03,24.03,524.13,-524.13,1164.88,-1164.88,-30.07,30.07,-177.96,177.96,-163.4,163.4,974.29,-974.29,-2129.21,2129.21,118.34,-118.34,-23.4,23.4,1117.57,-1117.57,1169.85,-1169.85,33.55,-33.55,2129.21,1170.33,846.39,1.383
ED2,200012,column,PILAR-70x70,H35,piso1,1,Z,COL-B-1-piso1,200122,200222,3.96,0.0,0.0,0.0,-1341.07,1341.07,469.46,-469.46,-0.35,0.35,-103.51,103.51,-86.62,86.62,413.15,-413.15,-788.72,788.72,262.74,-262.74,-0.2,0.2,-58.07,58.07,-48.47,48.47,230.19,-230.19,-408.99,408.99,19.52,-19.52,-0.34,0.34,1567.48,-1567.48,1582.26,-1582.26,17.74,-17.74,-524.48,524.48,1168.13,-1168.13,-30.07,30.07,171.76,-171.76,158.06,-158.06,977.54,-977.54,-2891.25,2891.25,1625.87,-1625.87,-23.4,23.4,1377.98,-1377.98,1407.49,-1407.49,1392.46,-1392.46,2891.25,1979.89,965.63,2.05
ED2,200013,column,PILAR-70x70,H35,piso1,1,Z,COL-C-3-piso1,200103,200203,3.96,0.0,0.0,0.0,-1567.24,1567.24,-506.74,506.74,-0.35,0.35,-83.85,83.85,-65.38,65.38,-467.97,467.97,-922.57,922.57,-283.51,283.51,-0.2,0.2,-46.96,46.96,-36.44,36.44,-260.94,260.94,38.16,-38.16,1.05,-1.05,-0.34,0.34,1425.12,-1425.12,1451.52,-1451.52,0.82,-0.82,480.42,-480.42,1156.65,-1156.65,-30.07,30.07,-149.3,149.3,-134.47,134.47,980.61,-980.61,-2095.16,2095.16,78.18,-78.18,-23.4,23.4,1039.82,-1039.82,1103.7,-1103.7,7.28,-7.28,2095.16,1103.72,841.06,1.312
ED2,200014,column,PILAR-70x70,H35,piso1,1,Z,COL-C-1-piso1,200123,200223,3.96,0.0,0.0,0.0,-1549.17,1549.17,502.66,-502.66,-0.35,0.35,-80.94,80.94,-63.55,63.55,444.86,-444.86,-912.02,912.02,281.31,-281.31,-0.2,0.2,-45.33,45.33,-35.41,35.41,247.92,-247.92,36.92,-36.92,-3.19,3.19,-0.34,0.34,1413.38,-1413.38,1439.93,-1439.93,-1.75,1.75,-475.75,475.75,1154.06,-1154.06,-30.07,30.07,144.23,-144.23,130.22,-130.22,978.06,-978.06,-2784.78,2784.78,1646.65,-1646.65,-23.4,23.4,1253.95,-1253.95,1294.63,-1294.63,1424.75,-1424.75,2784.78,1925.09,948.97,2.029
ED2,200015,column,PILAR-70x70,H35,piso1,1,Z,COL-D-3-piso1,200105,200205,3.96,0.0,0.0,0.0,-808.67,808.67,-261.55,261.55,-0.35,0.35,124.71,-124.71,128.32,-128.32,-244.27,244.27,-475.64,475.64,-146.32,146.32,-0.2,0.2,69.86,-69.86,71.83,-71.83,-136.19,136.19,-623.13,623.13,-46.17,46.17,-0.34,0.34,819.85,-819.85,890.71,-890.71,-41.31,41.31,760.82,-760.82,1416.89,-1416.89,-30.07,30.07,-146.27,146.27,-130.47,130.47,1247.83,-1247.83,-1274.52,1274.52,613.24,-613.24,-23.4,23.4,822.73,-822.73,903.94,-903.94,518.23,-518.23,1274.52,1041.95,712.64,1.462
ED2,200016,column,PILAR-70x70,H35,piso1,1,Z,COL-D-1-piso1,200125,200225,3.96,0.0,0.0,0.0,-833.79,833.79,288.52,-288.52,-0.35,0.35,129.73,-129.73,132.01,-132.01,252.67,-252.67,-490.38,490.38,161.5,-161.5,-0.2,0.2,72.67,-72.67,73.89,-73.89,140.82,-140.82,-607.73,607.73,32.69,-32.69,-0.34,0.34,804.07,-804.07,875.65,-875.65,30.72,-30.72,-763.75,763.75,1436.74,-1436.74,-30.07,30.07,151.2,-151.2,136.02,-136.02,1267.04,-1267.04,-2443.94,2443.94,1557.0,-1557.0,-23.4,23.4,1039.46,-1039.46,1096.0,-1096.0,1371.42,-1371.42,2443.94,1755.57,895.64,1.96
ED2,200017,column,PILAR-70x70,H35,piso2,1,Z,COL-A-3-piso2,200201,200301,3.96,0.0,0.0,0.0,-974.64,974.64,-328.74,328.74,-0.42,0.42,30.95,-30.95,35.03,-35.03,-348.89,348.89,-583.24,583.24,-185.27,185.27,-0.23,0.23,17.21,-17.21,19.93,-19.93,-199.78,199.78,581.44,-581.44,66.29,-66.29,-0.33,0.33,595.39,-595.39,931.42,-931.42,60.82,-60.82,357.94,-357.94,785.28,-785.28,-27.46,27.46,-154.89,154.89,-179.52,179.52,1344.49,-1344.49,-766.12,766.12,134.62,-134.62,-21.54,21.54,467.84,-467.84,758.6,-758.6,514.44,-514.44,766.12,916.58,633.09,1.448
ED2,200018,column,PILAR-70x70,H35,piso2,1,Z,COL-A-1-piso2,200221,200321,3.96,0.0,0.0,0.0,-975.11,975.11,337.63,-337.63,-0.42,0.42,41.75,-41.75,45.83,-45.83,351.45,-351.45,-583.53,583.53,190.54,-190.54,-0.23,0.23,23.31,-23.31,26.05,-26.05,201.0,-201.0,570.17,-570.17,-50.26,50.26,-0.33,0.33,582.77,-582.77,920.74,-920.74,-45.74,45.74,-358.97,358.97,777.02,-777.02,-27.46,27.46,159.97,-159.97,183.6,-183.6,1336.79,-1336.79,-1314.71,1314.71,1065.71,-1065.71,-21.54,21.54,709.53,-709.53,1038.25,-1038.25,1513.88,-1513.88,1314.71,1835.7,718.93,2.553
ED2,200019,column,PILAR-70x70,H35,piso2,1,Z,COL-B-3-piso2,200202,200302,3.96,0.0,0.0,0.0,-996.69,996.69,-402.3,402.3,-0.42,0.42,-95.32,95.32,-95.01,95.01,-426.52,426.52,-596.04,596.04,-226.8,226.8,-0.23,0.23,-53.92,53.92,-53.88,53.88,-244.32,244.32,-232.78,232.78,-19.05,19.05,-0.33,0.33,1043.14,-1043.14,1343.43,-1343.43,-16.8,16.8,326.69,-326.69,497.91,-497.91,-27.46,27.46,-127.96,127.96,-154.23,154.23,1044.33,-1044.33,-1557.21,1557.21,-272.81,272.81,-21.54,21.54,693.61,-693.61,944.53,-944.53,97.28,-97.28,1557.21,949.53,756.88,1.255
ED2,200020,column,PILAR-70x70,H35,piso2,1,Z,COL-B-1-piso2,200222,200322,3.96,0.0,0.0,0.0,-988.38,988.38,395.12,-395.12,-0.42,0.42,-91.21,91.21,-91.2,91.2,412.83,-412.83,-591.05,591.05,223.0,-223.0,-0.23,0.23,-51.59,51.59,-51.74,51.74,236.32,-236.32,-230.14,230.14,13.93,-13.93,-0.33,0.33,1035.37,-1035.37,1337.3,-1337.3,12.06,-12.06,-326.79,326.79,500.91,-500.91,-27.46,27.46,123.03,-123.03,148.97,-148.97,1047.08,-1047.08,-2031.64,2031.64,1006.35,-1006.35,-21.54,21.54,881.31,-881.31,1172.36,-1172.36,1445.31,-1445.31,2031.64,1861.01,831.12,2.239
ED2,200021,column,PILAR-70x70,H35,piso2,1,Z,COL-C-3-piso2,200203,200303,3.96,0.0,0.0,0.0,-1155.4,1155.4,-434.44,434.44,-0.42,0.42,-69.76,69.76,-68.71,68.71,-458.76,458.76,-691.9,691.9,-244.82,244.82,-0.23,0.23,-39.41,39.41,-38.94,38.94,-262.46,262.46,18.27,-18.27,-0.18,0.18,-0.33,0.33,927.63,-927.63,1240.58,-1240.58,-1.02,1.02,300.26,-300.26,531.85,-531.85,-27.46,27.46,-100.37,100.37,-128.24,128.24,1032.87,-1032.87,-1605.67,1605.67,-280.54,280.54,-21.54,21.54,650.42,-650.42,912.7,-912.7,52.52,-52.52,1605.67,914.21,764.46,1.196
ED2,200022,column,PILAR-70x70,H35,piso2,1,Z,COL-C-1-piso2,200223,200323,3.96,0.0,0.0,0.0,-1142.82,1142.82,424.4,-424.4,-0.42,0.42,-66.99,66.99,-66.32,66.32,442.64,-442.64,-684.39,684.39,239.41,-239.41,-0.23,0.23,-37.84,37.84,-37.61,37.61,253.11,-253.11,18.13,-18.13,-0.59,0.59,-0.33,0.33,917.58,-917.58,1232.28,-1232.28,-0.93,0.93,-297.38,297.38,529.48,-529.48,-27.46,27.46,96.43,-96.43,123.92,-123.92,1030.67,-1030.67,-2033.93,2033.93,1060.39,-1060.39,-21.54,21.54,793.32,-793.32,1098.06,-1098.06,1467.92,-1467.92,2033.93,1833.17,831.48,2.205
ED2,200023,column,PILAR-70x70,H35,piso2,1,Z,COL-D-3-piso2,200205,200305,3.96,0.0,0.0,0.0,-596.08,596.08,-223.86,223.86,-0.42,0.42,116.38,-116.38,124.73,-124.73,-238.34,238.34,-356.48,356.48,-126.17,126.17,-0.23,0.23,65.53,-65.53,71.23,-71.23,-136.58,136.58,-367.03,367.03,-34.51,34.51,-0.33,0.33,448.94,-448.94,799.56,-799.56,-32.84,32.84,471.25,-471.25,802.53,-802.53,-27.46,27.46,-95.8,95.8,-124.08,124.08,1241.58,-1241.58,-929.45,929.45,220.82,-220.82,-21.54,21.54,514.11,-514.11,822.5,-822.5,526.71,-526.71,929.45,976.69,658.64,1.483
ED2,200024,column,PILAR-70x70,H35,piso2,1,Z,COL-D-1-piso2,200225,200325,3.96,0.0,0.0,0.0,-615.03,615.03,244.06,-244.06,-0.42,0.42,120.88,-120.88,128.96,-128.96,253.7,-253.7,-367.74,367.74,137.76,-137.76,-0.23,0.23,68.07,-68.07,73.61,-73.61,145.07,-145.07,-358.05,358.05,25.95,-25.95,-0.33,0.33,436.06,-436.06,788.5,-788.5,22.85,-22.85,-473.01,473.01,819.97,-819.97,-27.46,27.46,100.91,-100.91,128.24,-128.24,1257.91,-1257.91,-1659.78,1659.78,1020.16,-1020.16,-21.54,21.54,657.09,-657.09,1008.39,-1008.39,1362.77,-1362.77,1659.78,1695.29,772.93,2.193
ED2,200025,column,PILAR-70x70,H35,piso3,2,Z,COL-A-3-piso3,200301,200401,3.96,0.0,0.0,0.0,-628.18,628.18,-329.83,329.83,-0.43,0.43,32.49,-32.49,30.26,-30.26,-295.24,295.24,-389.01,389.01,-179.73,179.73,-0.25,0.25,17.35,-17.35,16.38,-16.38,-149.39,149.39,272.23,-272.23,45.76,-45.76,-0.24,0.24,300.55,-300.55,690.79,-690.79,37.12,-37.12,184.56,-184.56,331.77,-331.77,-20.2,20.2,-100.5,100.5,-129.84,129.84,1073.16,-1073.16,-633.76,633.76,-219.55,219.55,-16.05,16.05,244.96,-244.96,570.98,-570.98,393.65,-393.65,633.76,693.53,612.37,1.133
ED2,200026,column,PILAR-70x70,H35,piso3,2,Z,COL-A-1-piso3,200321,200421,3.96,0.0,0.0,0.0,-628.82,628.82,335.25,-335.25,-0.43,0.43,43.13,-43.13,40.19,-40.19,300.62,-300.62,-389.34,389.34,183.55,-183.55,-0.25,0.25,23.34,-23.34,21.72,-21.72,151.43,-151.43,267.44,-267.44,-34.94,34.94,-0.24,0.24,291.57,-291.57,684.65,-684.65,-27.71,27.71,-185.22,185.22,325.69,-325.69,-20.2,20.2,104.58,-104.58,132.26,-132.26,1068.15,-1068.15,-916.38,916.38,731.63,-731.63,-16.05,16.05,407.32,-407.32,777.29,-777.29,1228.22,-1228.22,916.38,1453.51,656.6,2.214
ED2,200027,column,PILAR-70x70,H35,piso3,2,Z,COL-B-3-piso3,200302,200402,3.96,0.0,0.0,0.0,-641.02,641.02,-403.29,403.29,-0.43,0.43,-93.97,93.97,-88.85,88.85,-360.17,360.17,-396.81,396.81,-219.84,219.84,-0.25,0.25,-52.52,52.52,-46.88,46.88,-181.84,181.84,-102.28,102.28,-11.63,11.63,-0.24,0.24,620.55,-620.55,954.51,-954.51,-9.2,9.2,168.7,-168.7,132.84,-132.84,-20.2,20.2,-81.09,81.09,-114.66,114.66,865.98,-865.98,-1003.36,1003.36,-533.97,533.97,-16.05,16.05,351.18,-351.18,637.33,-637.33,99.19,-99.19,1003.36,645.0,670.21,0.962
ED2,200028,column,PILAR-70x70,H35,piso3,2,Z,COL-B-1-piso3,200322,200422,3.96,0.0,0.0,0.0,-635.88,635.88,392.81,-392.81,-0.43,0.43,-89.94,89.94,-84.86,84.86,350.73,-350.73,-393.54,393.54,214.75,-214.75,-0.25,0.25,-50.17,50.17,-44.62,44.62,175.87,-175.87,-101.76,101.76,8.55,-8.55,-0.24,0.24,614.95,-614.95,950.88,-950.88,6.44,-6.44,-168.64,168.64,135.08,-135.08,-20.2,20.2,77.73,-77.73,110.88,-110.88,867.95,-867.95,-1247.48,1247.48,716.57,-716.57,-16.05,16.05,471.63,-471.63,809.48,-809.48,1183.36,-1183.36,1247.48,1433.74,708.41,2.024
ED2,200029,column,PILAR-70x70,H35,piso3,2,Z,COL-C-3-piso3,200303,200403,3.96,0.0,0.0,0.0,-744.42,744.42,-435.05,435.05,-0.43,0.43,-67.08,67.08,-62.11,62.11,-391.03,391.03,-461.69,461.69,-237.26,237.26,-0.25,0.25,-37.25,37.25,-31.71,31.71,-198.12,198.12,5.54,-5.54,-0.74,0.74,-0.24,0.24,544.72,-544.72,893.05,-893.05,-2.01,2.01,155.72,-155.72,175.84,-175.84,-20.2,20.2,-59.35,59.35,-95.57,95.57,845.78,-845.78,-1084.33,1084.33,-541.1,541.1,-16.05,16.05,341.41,-341.41,638.25,-638.25,43.37,-43.37,1084.33,639.72,682.88,0.937
ED2,200030,column,PILAR-70x70,H35,piso3,2,Z,COL-C-1-piso3,200323,200423,3.96,0.0,0.0,0.0,-736.73,736.73,422.02,-422.02,-0.43,0.43,-64.52,64.52,-59.56,59.56,379.14,-379.14,-456.86,456.86,230.77,-230.77,-0.25,0.25,-35.75,35.75,-30.28,30.28,191.04,-191.04,5.92,-5.92,0.56,-0.56,-0.24,0.24,537.35,-537.35,887.94,-887.94,0.0,-0.0,-154.27,154.27,174.05,-174.05,-20.2,20.2,56.72,-56.72,92.38,-92.38,844.24,-844.24,-1303.96,1303.96,783.83,-783.83,-16.05,16.05,425.88,-425.88,778.59,-778.59,1203.37,-1203.37,1303.96,1433.28,717.25,1.998
ED2,200031,column,PILAR-70x70,H35,piso3,2,Z,COL-D-3-piso3,200305,200405,3.96,0.0,0.0,0.0,-383.6,383.6,-225.07,225.07,-0.43,0.43,119.02,-119.02,109.36,-109.36,-201.0,201.0,-237.43,237.43,-122.47,122.47,-0.25,0.25,65.2,-65.2,57.79,-57.79,-101.34,101.34,-175.65,175.65,-23.77,23.77,-0.24,0.24,202.94,-202.94,612.84,-612.84,-20.64,20.64,240.74,-240.74,392.45,-392.45,-20.2,20.2,-55.47,55.47,-91.58,91.58,969.21,-969.21,-598.56,598.56,-74.6,74.6,-16.05,16.05,325.26,-325.26,650.03,-650.03,405.99,-405.99,598.56,766.4,606.87,1.263
ED2,200032,column,PILAR-70x70,H35,piso3,2,Z,COL-D-1-piso3,200325,200425,3.96,0.0,0.0,0.0,-395.88,395.88,242.38,-242.38,-0.43,0.43,123.21,-123.21,113.22,-113.22,217.74,-217.74,-244.88,244.88,132.79,-132.79,-0.25,0.25,67.57,-67.57,59.84,-59.84,109.8,-109.8,-171.45,171.45,18.75,-18.75,-0.24,0.24,193.55,-193.55,606.38,-606.38,13.46,-13.46,-241.6,241.6,405.31,-405.31,-20.2,20.2,59.58,-59.58,93.92,-93.92,979.72,-979.72,-976.27,976.27,696.02,-696.02,-16.05,16.05,409.66,-409.66,789.25,-789.25,1074.44,-1074.44,976.27,1333.17,665.97,2.002
ED2,200033,column,PILAR-70x70,H35,piso4,2,Z,COL-A-3-piso4,200401,200501,3.96,0.0,0.0,0.0,-281.39,281.39,-392.01,392.01,-0.41,0.41,37.27,-37.27,42.01,-42.01,-517.43,517.43,-194.24,194.24,-237.31,237.31,-0.25,0.25,19.58,-19.58,31.9,-31.9,-357.29,357.29,85.56,-85.56,27.09,-27.09,-0.16,0.16,53.22,-53.22,353.1,-353.1,26.68,-26.68,69.8,-69.8,48.42,-48.42,-12.82,12.82,-63.05,63.05,-102.02,102.02,658.5,-658.5,-346.28,346.28,-568.63,568.63,-10.42,10.42,57.46,-57.46,315.18,-315.18,-356.83,356.83,346.28,476.09,567.39,0.839
ED2,200034,column,PILAR-70x70,H35,piso4,2,Z,COL-A-1-piso4,200421,200521,3.96,0.0,0.0,0.0,-282.32,282.32,394.82,-394.82,-0.41,0.41,49.54,-49.54,57.91,-57.91,529.59,-529.59,-194.57,194.57,241.74,-241.74,-0.25,0.25,27.17,-27.17,42.22,-42.22,362.46,-362.46,84.43,-84.43,-21.03,21.03,-0.16,0.16,47.84,-47.84,348.9,-348.9,-20.58,20.58,-70.17,70.17,44.08,-44.08,-12.82,12.82,65.94,-65.94,104.32,-104.32,653.75,-653.75,-453.52,453.52,650.69,-650.69,-10.42,10.42,169.22,-169.22,492.39,-492.39,1363.84,-1363.84,453.52,1450.0,584.17,2.482
ED2,200035,column,PILAR-70x70,H35,piso4,2,Z,COL-B-3-piso4,200402,200502,3.96,0.0,0.0,0.0,-284.53,284.53,-479.72,479.72,-0.41,0.41,-108.75,108.75,-138.28,138.28,-636.7,636.7,-197.1,197.1,-290.77,290.77,-0.25,0.25,-69.22,69.22,-89.05,89.05,-439.35,439.35,-29.73,29.73,-4.0,4.0,-0.16,0.16,263.21,-263.21,565.65,-565.65,-1.75,1.75,63.04,-63.04,-85.25,85.25,-12.82,12.82,-49.2,49.2,-85.26,85.26,482.37,-482.37,-461.11,461.11,-838.03,838.03,-10.42,10.42,22.02,-22.02,217.8,-217.8,-715.85,715.85,461.11,748.25,585.36,1.278
ED2,200036,column,PILAR-70x70,H35,piso4,2,Z,COL-B-1-piso4,200422,200522,3.96,0.0,0.0,0.0,-282.56,282.56,464.15,-464.15,-0.41,0.41,-104.42,104.42,-132.99,132.99,625.31,-625.31,-195.43,195.43,283.9,-283.9,-0.25,0.25,-66.47,66.47,-85.9,85.9,429.19,-429.19,-29.99,29.99,2.75,-2.75,-0.16,0.16,259.93,-259.93,563.98,-563.98,0.67,-0.67,-62.83,62.83,-83.7,83.7,-12.82,12.82,46.66,-46.66,81.68,-81.68,483.77,-483.77,-552.1,552.1,687.76,-687.76,-10.42,10.42,98.04,-98.04,349.96,-349.96,1417.92,-1417.92,552.1,1460.47,599.59,2.436
ED2,200037,column,PILAR-70x70,H35,piso4,2,Z,COL-C-3-piso4,200403,200503,3.96,0.0,0.0,0.0,-335.36,335.36,-514.4,514.4,-0.41,0.41,-77.09,77.09,-101.55,101.55,-676.49,676.49,-233.01,233.01,-311.92,311.92,-0.25,0.25,-50.13,50.13,-65.96,65.96,-466.38,466.38,1.92,-1.92,-2.15,2.15,-0.16,0.16,226.19,-226.19,538.7,-538.7,-3.56,3.56,58.91,-58.91,-42.18,42.18,-12.82,12.82,-31.9,31.9,-67.09,67.09,486.28,-486.28,-522.46,522.46,-859.89,859.89,-10.42,10.42,52.43,-52.43,267.01,-267.01,-781.36,781.36,522.46,825.72,594.96,1.388
ED2,200038,column,PILAR-70x70,H35,piso4,2,Z,COL-C-1-piso4,200423,200523,3.96,0.0,0.0,0.0,-332.6,332.6,496.44,-496.44,-0.41,0.41,-74.53,74.53,-98.38,98.38,661.92,-661.92,-230.78,230.78,303.43,-303.43,-0.25,0.25,-48.44,48.44,-64.1,64.1,454.01,-454.01,2.28,-2.28,1.86,-1.86,-0.16,0.16,221.54,-221.54,535.5,-535.5,1.75,-1.75,-58.45,58.45,-43.5,43.5,-12.82,12.82,29.92,-29.92,64.2,-64.2,484.93,-484.93,-605.17,605.17,768.93,-768.93,-10.42,10.42,98.85,-98.85,367.62,-367.62,1481.21,-1481.21,605.17,1526.15,607.9,2.511
ED2,200039,column,PILAR-70x70,H35,piso4,2,Z,COL-D-3-piso4,200405,200505,3.96,0.0,0.0,0.0,-170.33,170.33,-268.15,268.15,-0.41,0.41,141.13,-141.13,178.04,-178.04,-354.44,354.44,-118.15,118.15,-162.09,162.09,-0.25,0.25,82.65,-82.65,123.05,-123.05,-245.41,245.41,-57.86,57.86,-14.59,14.59,-0.16,0.16,2.89,-2.89,310.75,-310.75,-16.21,16.21,86.94,-86.94,122.84,-122.84,-12.82,12.82,-28.59,28.59,-64.6,64.6,620.46,-620.46,-275.34,275.34,-351.24,351.24,-10.42,10.42,204.94,-204.94,532.31,-532.31,-149.1,149.1,275.34,552.8,556.29,0.994
ED2,200040,column,PILAR-70x70,H35,piso4,2,Z,COL-D-1-piso4,200425,200525,3.96,0.0,0.0,0.0,-175.84,175.84,285.09,-285.09,-0.41,0.41,145.75,-145.75,184.34,-184.34,382.02,-382.02,-121.52,121.52,174.68,-174.68,-0.25,0.25,85.61,-85.61,127.09,-127.09,261.11,-261.11,-56.6,56.6,11.92,-11.92,-0.16,0.16,-3.12,3.12,305.47,-305.47,11.14,-11.14,-87.24,87.24,132.12,-132.12,-12.82,12.82,31.62,-31.62,67.37,-67.37,630.84,-630.84,-413.73,413.73,569.59,-569.59,-10.42,10.42,252.26,-252.26,636.89,-636.89,1126.29,-1126.29,413.73,1293.89,577.94,2.239
ED2,200041,beam,V-60x80,H35,sub1,1,X,V-3-A'A-sub1,200100,200101,3.75,6.797,9.516,5.332,0.0,-0.0,0.0,-0.0,102.19,-102.19,51.92,-51.92,241.83,-241.83,0.0,-0.0,0.0,-0.0,-0.0,0.0,57.24,-57.24,29.1,-29.1,135.51,-135.51,-0.0,0.0,0.0,-0.0,-0.0,0.0,28.74,-28.74,-46.92,46.92,88.71,-88.71,-0.0,0.0,0.0,-0.0,0.0,-0.0,-493.83,493.83,-5.63,5.63,-158.54,158.54,0.0,-0.0,0.0,-0.0,0.0,-0.0,-185.07,185.07,34.56,-34.56,338.28,-338.28,0.0,-0.0,-0.0,338.28,,
ED2,200042,beam,V-60x80,H35,sub1,1,X,V-3-AB-sub1,200101,200102,7.5,13.594,9.516,5.332,0.0,-0.0,0.0,-0.0,-4.94,4.94,-111.54,111.54,-3.71,3.71,0.0,-0.0,0.0,-0.0,0.0,-0.0,-2.78,2.78,-62.55,62.55,-2.12,2.12,0.0,-0.0,0.0,-0.0,0.0,-0.0,-6.47,6.47,1523.9,-1523.9,1447.82,-1447.82,0.0,-0.0,0.0,-0.0,-0.0,0.0,7.08,-7.08,-128.57,128.57,-132.88,132.88,-0.0,0.0,0.0,-0.0,-0.0,0.0,-8.24,8.24,1100.99,-1100.99,1197.54,-1197.54,-0.0,0.0,-0.0,1197.54,,
ED2,200043,beam,V-60x80,H35,sub1,1,X,V-3-BC-sub1,200102,200103,10.0,18.125,9.516,5.332,0.0,-0.0,-0.0,0.0,-1.39,1.39,-105.21,105.21,51.2,-51.2,-0.0,0.0,0.0,-0.0,-0.0,0.0,-0.78,0.78,-59.03,59.03,28.62,-28.62,-0.0,0.0,0.0,-0.0,0.0,-0.0,1.59,-1.59,1068.06,-1068.06,1083.53,-1083.53,0.0,-0.0,0.0,-0.0,0.0,-0.0,26.85,-26.85,-105.34,105.34,-108.03,108.03,0.0,-0.0,0.0,-0.0,0.0,-0.0,19.4,-19.4,718.01,-718.01,973.97,-973.97,0.0,-0.0,-0.0,973.97,,
ED2,200044,beam,V-60x80,H35,sub1,1,X,V-3-CC'-sub1,200103,200104,7.58,13.739,9.516,5.332,0.0,-0.0,0.0,-0.0,-34.74,34.74,-187.44,187.44,-148.94,148.94,0.0,-0.0,0.0,-0.0,0.0,-0.0,-19.46,19.46,-104.94,104.94,-83.42,83.42,0.0,-0.0,0.0,-0.0,0.0,-0.0,-17.38,17.38,1149.05,-1149.05,641.23,-641.23,0.0,-0.0,0.0,-0.0,-0.0,0.0,179.78,-179.78,-85.69,85.69,-22.71,22.71,-0.0,0.0,0.0,-0.0,-0.0,0.0,65.0,-65.0,677.5,-677.5,327.72,-327.72,-0.0,0.0,-0.0,327.72,,
ED2,200045,beam,V-60x80,H35,sub1,1,X,V-3-C'D-sub1,200104,200105,2.42,4.386,9.516,5.332,0.0,-0.0,0.0,-0.0,155.51,-155.51,83.38,-83.38,169.79,-169.79,0.0,-0.0,0.0,-0.0,-0.0,0.0,87.14,-87.14,46.69,-46.69,95.23,-95.23,-0.0,0.0,0.0,-0.0,-0.0,0.0,46.84,-46.84,-610.22,610.22,1235.43,-1235.43,-0.0,0.0,0.0,-0.0,-0.0,0.0,-405.2,405.2,14.09,-14.09,-184.01,184.01,-0.0,0.0,0.0,-0.0,-0.0,0.0,-19.09,19.09,-408.57,408.57,1238.9,-1238.9,-0.0,0.0,-0.0,1238.9,,
ED2,200046,beam,V-60x80,H35,sub1,1,X,V-2-A'A-sub1,200110,200111,3.75,15.141,21.197,11.878,0.0,-0.0,0.0,-0.0,-17.39,17.39,-86.96,86.96,83.96,-83.96,0.0,-0.0,0.0,-0.0,-0.0,0.0,-9.74,9.74,-48.74,48.74,47.05,-47.05,-0.0,0.0,0.0,-0.0,-0.0,0.0,11.09,-11.09,76.97,-76.97,-136.15,136.15,-0.0,0.0,0.0,-0.0,0.0,-0.0,177.36,-177.36,-16.1,16.1,-28.03,28.03,0.0,-0.0,0.0,-0.0,0.0,-0.0,115.87,-115.87,-78.5,78.5,-12.54,12.54,0.0,-0.0,-0.0,12.54,,
ED2,200047,beam,V-60x80,H35,sub1,1,X,V-2-AB-sub1,200111,200112,7.5,30.281,21.197,11.878,0.0,-0.0,0.0,-0.0,-11.77,11.77,-151.48,151.48,60.42,-60.42,0.0,-0.0,0.0,-0.0,0.0,-0.0,-6.6,6.6,-84.9,84.9,33.85,-33.85,0.0,-0.0,0.0,-0.0,0.0,-0.0,-7.32,7.32,288.07,-288.07,80.96,-80.96,0.0,-0.0,0.0,-0.0,-0.0,0.0,12.02,-12.02,11.17,-11.17,-6.43,6.43,-0.0,0.0,0.0,-0.0,-0.0,0.0,-15.93,15.93,31.25,-31.25,162.31,-162.31,-0.0,0.0,-0.0,162.31,,
ED2,200048,beam,V-60x80,H35,sub1,1,X,V-2-BC-sub1,200112,200113,10.0,40.375,21.197,11.878,0.0,-0.0,-0.0,0.0,-0.29,0.29,-136.19,136.19,104.12,-104.12,-0.0,0.0,0.0,-0.0,-0.0,0.0,-0.16,0.16,-76.33,76.33,58.31,-58.31,-0.0,0.0,0.0,-0.0,0.0,-0.0,1.2,-1.2,154.12,-154.12,130.36,-130.36,0.0,-0.0,0.0,-0.0,0.0,-0.0,-14.51,14.51,3.62,-3.62,-4.29,4.29,0.0,-0.0,0.0,-0.0,0.0,-0.0,-10.25,10.25,-71.09,71.09,276.54,-276.54,0.0,-0.0,-0.0,276.54,,
ED2,200049,beam,V-60x80,H35,sub1,1,X,V-2-CC'-sub1,200113,200114,7.58,30.604,21.197,11.878,0.0,-0.0,0.0,-0.0,20.11,-20.11,-41.85,41.85,23.7,-23.7,0.0,-0.0,0.0,-0.0,0.0,-0.0,11.27,-11.27,-23.4,23.4,13.29,-13.29,0.0,-0.0,0.0,-0.0,0.0,-0.0,-3.58,3.58,138.06,-138.06,156.17,-156.17,0.0,-0.0,0.0,-0.0,-0.0,0.0,-63.51,63.51,8.24,-8.24,14.91,-14.91,-0.0,0.0,0.0,-0.0,-0.0,0.0,-19.48,19.48,65.19,-65.19,188.72,-188.72,-0.0,0.0,-0.0,188.72,,
ED2,200050,beam,V-60x80,H35,sub1,1,X,V-2-C'D-sub1,200114,200115,2.42,9.771,21.197,11.878,0.0,-0.0,0.0,-0.0,21.83,-21.83,108.43,-108.43,129.59,-129.59,0.0,-0.0,0.0,-0.0,-0.0,0.0,12.24,-12.24,60.75,-60.75,72.64,-72.64,-0.0,0.0,0.0,-0.0,-0.0,0.0,5.06,-5.06,-240.33,240.33,272.08,-272.08,-0.0,0.0,0.0,-0.0,-0.0,0.0,110.92,-110.92,-14.93,14.93,-3.75,3.75,-0.0,0.0,0.0,-0.0,-0.0,0.0,121.81,-121.81,-58.31,58.31,444.29,-444.29,-0.0,0.0,-0.0,444.29,,
ED2,200051,beam,V-60x80,H35,sub1,1,X,V-1-A'A-sub1,200120,200121,3.75,8.344,11.681,6.546,0.0,-0.0,0.0,-0.0,-111.36,111.36,45.83,-45.83,260.11,-260.11,0.0,-0.0,0.0,-0.0,-0.0,0.0,-62.4,62.4,25.68,-25.68,145.76,-145.76,-0.0,0.0,0.0,-0.0,-0.0,0.0,-24.99,24.99,-43.41,43.41,71.08,-71.08,-0.0,0.0,0.0,-0.0,0.0,-0.0,-518.02,518.02,24.53,-24.53,191.43,-191.43,0.0,-0.0,0.0,-0.0,0.0,-0.0,-584.76,584.76,50.84,-50.84,613.41,-613.41,0.0,-0.0,-0.0,613.41,,
ED2,200052,beam,V-60x80,H35,sub1,1,X,V-1-AB-sub1,200121,200122,7.5,16.688,11.681,6.546,0.0,-0.0,0.0,-0.0,4.6,-4.6,-120.58,120.58,8.55,-8.55,0.0,-0.0,0.0,-0.0,0.0,-0.0,2.58,-2.58,-67.62,67.62,4.76,-4.76,0.0,-0.0,0.0,-0.0,0.0,-0.0,5.36,-5.36,1534.34,-1534.34,1457.32,-1457.32,0.0,-0.0,0.0,-0.0,-0.0,0.0,7.78,-7.78,123.76,-123.76,129.49,-129.49,-0.0,0.0,0.0,-0.0,-0.0,0.0,17.84,-17.84,1285.53,-1285.53,1422.02,-1422.02,-0.0,0.0,-0.0,1422.02,,
ED2,200053,beam,V-60x80,H35,sub1,1,X,V-1-BC-sub1,200122,200123,10.0,22.25,11.681,6.546,0.0,-0.0,-0.0,0.0,1.75,-1.75,-120.91,120.91,71.68,-71.68,-0.0,0.0,0.0,-0.0,-0.0,0.0,0.98,-0.98,-67.82,67.82,40.1,-40.1,-0.0,0.0,0.0,-0.0,0.0,-0.0,-0.75,0.75,1074.29,-1074.29,1090.05,-1090.05,0.0,-0.0,0.0,-0.0,0.0,-0.0,26.61,-26.61,103.79,-103.79,106.38,-106.38,0.0,-0.0,0.0,-0.0,0.0,-0.0,22.01,-22.01,855.97,-855.97,1172.6,-1172.6,0.0,-0.0,-0.0,1172.6,,
ED2,200054,beam,V-60x80,H35,sub1,1,X,V-1-CC'-sub1,200123,200124,7.58,16.866,11.681,6.546,0.0,-0.0,0.0,-0.0,40.68,-40.68,-200.74,200.74,-144.83,144.83,0.0,-0.0,0.0,-0.0,0.0,-0.0,22.79,-22.79,-112.39,112.39,-81.13,81.13,0.0,-0.0,0.0,-0.0,0.0,-0.0,14.49,-14.49,1157.66,-1157.66,646.79,-646.79,0.0,-0.0,0.0,-0.0,-0.0,0.0,186.79,-186.79,76.1,-76.1,10.08,-10.08,-0.0,0.0,0.0,-0.0,-0.0,0.0,216.6,-216.6,785.84,-785.84,363.71,-363.71,-0.0,0.0,-0.0,363.71,,
ED2,200055,beam,V-60x80,H35,sub1,1,X,V-1-C'D-sub1,200124,200125,2.42,5.385,11.681,6.546,0.0,-0.0,0.0,-0.0,-166.24,166.24,92.25,-92.25,190.28,-190.28,0.0,-0.0,0.0,-0.0,-0.0,0.0,-93.17,93.17,51.66,-51.66,106.72,-106.72,-0.0,0.0,0.0,-0.0,-0.0,0.0,-37.41,37.41,-621.51,621.51,1235.55,-1235.55,-0.0,0.0,0.0,-0.0,-0.0,0.0,-423.24,423.24,-5.0,5.0,198.58,-198.58,-0.0,0.0,0.0,-0.0,-0.0,0.0,-610.51,610.51,-419.2,419.2,1557.93,-1557.93,-0.0,0.0,-0.0,1557.93,,
ED2,200056,beam,V-60x80,H35,sub1,1,Y,V-A'-32-sub1,200100,200110,7.25,6.797,4.922,2.758,0.0,-0.0,-0.0,0.0,51.92,-51.92,-102.19,102.19,-207.02,207.02,-0.0,0.0,0.0,-0.0,0.0,-0.0,29.1,-29.1,-57.24,57.24,-116.03,116.03,0.0,-0.0,0.0,-0.0,0.0,-0.0,-46.92,46.92,-28.74,28.74,-52.05,52.05,0.0,-0.0,0.0,-0.0,0.0,-0.0,-5.63,5.63,493.83,-493.83,-176.43,176.43,0.0,-0.0,0.0,-0.0,0.0,-0.0,34.56,-34.56,185.07,-185.07,-502.23,502.23,0.0,-0.0,-0.0,502.23,,
ED2,200057,beam,V-60x80,H35,sub1,1,Y,V-A'-21-sub1,200110,200120,8.9,8.344,4.922,2.758,0.0,-0.0,-0.0,0.0,-45.83,45.83,224.86,-224.86,111.36,-111.36,-0.0,0.0,0.0,-0.0,0.0,-0.0,-25.68,25.68,126.03,-126.03,62.4,-62.4,0.0,-0.0,0.0,-0.0,-0.0,0.0,43.41,-43.41,40.67,-40.67,24.99,-24.99,-0.0,0.0,0.0,-0.0,0.0,-0.0,-24.53,24.53,-5.48,5.48,518.02,-518.02,0.0,-0.0,0.0,-0.0,-0.0,0.0,-50.84,50.84,383.39,-383.39,584.76,-584.76,-0.0,0.0,-0.0,584.76,,
ED2,200058,beam,V-60x80,H35,sub1,1,Y,V-A-32-sub1,200101,200111,7.25,20.391,14.766,8.274,0.0,-0.0,-0.0,0.0,41.52,-41.52,-575.5,575.5,-451.36,451.36,-0.0,0.0,0.0,-0.0,0.0,-0.0,23.28,-23.28,-322.46,322.46,-252.96,252.96,0.0,-0.0,0.0,-0.0,0.0,-0.0,-125.09,125.09,183.89,-183.89,181.63,-181.63,0.0,-0.0,0.0,-0.0,0.0,-0.0,25.97,-25.97,1440.66,-1440.66,-30.75,30.75,0.0,-0.0,0.0,-0.0,0.0,-0.0,-28.3,28.3,348.04,-348.04,-563.91,563.91,0.0,-0.0,-0.0,563.91,,
ED2,200059,beam,V-60x80,H35,sub1,1,Y,V-A-21-sub1,200111,200121,8.9,25.031,14.766,8.274,0.0,-0.0,-0.0,0.0,-33.84,33.84,445.59,-445.59,553.41,-553.41,-0.0,0.0,0.0,-0.0,0.0,-0.0,-18.97,18.97,249.73,-249.73,310.12,-310.12,0.0,-0.0,0.0,-0.0,-0.0,0.0,103.22,-103.22,-162.75,162.75,-143.35,143.35,-0.0,0.0,0.0,-0.0,0.0,-0.0,8.12,-8.12,200.33,-200.33,1399.98,-1399.98,0.0,-0.0,0.0,-0.0,-0.0,0.0,46.19,-46.19,699.09,-699.09,1784.5,-1784.5,-0.0,0.0,-0.0,1784.5,,
ED2,200060,beam,V-60x80,H35,sub1,1,Y,V-B-32-sub1,200102,200112,7.25,31.719,22.969,12.871,0.0,-0.0,-0.0,0.0,39.08,-39.08,-835.44,835.44,-623.15,623.15,-0.0,0.0,0.0,-0.0,0.0,-0.0,21.91,-21.91,-468.13,468.13,-349.24,349.24,0.0,-0.0,0.0,-0.0,0.0,-0.0,-183.82,183.82,-54.2,54.2,-54.45,54.45,0.0,-0.0,0.0,-0.0,0.0,-0.0,20.01,-20.01,1355.97,-1355.97,-127.25,127.25,0.0,-0.0,0.0,-0.0,0.0,-0.0,-89.43,89.43,-335.38,335.38,-1116.83,1116.83,0.0,-0.0,-0.0,1116.83,,
ED2,200061,beam,V-60x80,H35,sub1,1,Y,V-B-21-sub1,200112,200122,8.9,38.938,22.969,12.871,0.0,-0.0,-0.0,0.0,-31.48,31.48,611.37,-611.37,795.66,-795.66,-0.0,0.0,0.0,-0.0,0.0,-0.0,-17.65,17.65,342.64,-342.64,445.87,-445.87,0.0,-0.0,0.0,-0.0,-0.0,0.0,150.72,-150.72,45.72,-45.72,40.47,-40.47,-0.0,0.0,0.0,-0.0,0.0,-0.0,16.64,-16.64,154.46,-154.46,1362.35,-1362.35,0.0,-0.0,0.0,-0.0,-0.0,0.0,99.0,-99.0,1111.0,-1111.0,2299.71,-2299.71,-0.0,0.0,-0.0,2299.71,,
ED2,200062,beam,V-60x80,H35,sub1,1,Y,V-C-32-sub1,200103,200113,7.25,31.864,23.074,12.93,0.0,-0.0,-0.0,0.0,-27.13,27.13,-862.33,862.33,-652.63,652.63,-0.0,0.0,0.0,-0.0,0.0,-0.0,-15.21,15.21,-483.14,483.14,-365.71,365.71,0.0,-0.0,0.0,-0.0,0.0,-0.0,-207.27,207.27,23.04,-23.04,24.05,-24.05,0.0,-0.0,0.0,-0.0,0.0,-0.0,16.9,-16.9,1257.34,-1257.34,-94.23,94.23,0.0,-0.0,0.0,-0.0,0.0,-0.0,-216.21,216.21,-381.73,381.73,-1067.36,1067.36,0.0,-0.0,-0.0,1067.36,,
ED2,200063,beam,V-60x80,H35,sub1,1,Y,V-C-21-sub1,200113,200123,8.9,39.115,23.074,12.93,0.0,-0.0,-0.0,0.0,22.5,-22.5,631.7,-631.7,812.1,-812.1,-0.0,0.0,0.0,-0.0,0.0,-0.0,12.62,-12.62,353.99,-353.99,455.04,-455.04,0.0,-0.0,0.0,-0.0,-0.0,0.0,169.96,-169.96,-19.15,19.15,-19.34,19.34,-0.0,0.0,0.0,-0.0,0.0,-0.0,21.75,-21.75,144.48,-144.48,1245.76,-1245.76,0.0,-0.0,0.0,-0.0,-0.0,0.0,204.39,-204.39,1076.82,-1076.82,2184.05,-2184.05,-0.0,0.0,-0.0,2184.05,,
ED2,200064,beam,V-60x80,H35,sub1,1,Y,V-C'-32-sub1,200104,200114,7.25,18.125,13.125,7.355,0.0,-0.0,-0.0,0.0,-65.56,65.56,-190.25,190.25,-200.04,200.04,-0.0,0.0,0.0,-0.0,0.0,-0.0,-36.74,36.74,-106.6,106.6,-112.13,112.13,0.0,-0.0,0.0,-0.0,0.0,-0.0,31.01,-31.01,-64.22,64.22,-96.49,96.49,0.0,-0.0,0.0,-0.0,0.0,-0.0,-8.62,8.62,584.98,-584.98,-179.61,179.61,0.0,-0.0,0.0,-0.0,0.0,-0.0,-80.85,80.85,84.09,-84.09,-533.73,533.73,0.0,-0.0,-0.0,533.73,,
ED2,200065,beam,V-60x80,H35,sub1,1,Y,V-C'-21-sub1,200114,200124,8.9,22.25,13.125,7.355,0.0,-0.0,-0.0,0.0,52.58,-52.58,198.28,-198.28,206.92,-206.92,-0.0,0.0,0.0,-0.0,0.0,-0.0,29.46,-29.46,111.14,-111.14,115.95,-115.95,0.0,-0.0,0.0,-0.0,-0.0,0.0,-25.27,25.27,87.63,-87.63,51.91,-51.91,-0.0,0.0,0.0,-0.0,0.0,-0.0,-5.08,5.08,0.71,-0.71,610.03,-610.03,0.0,-0.0,0.0,-0.0,-0.0,0.0,55.49,-55.49,388.82,-388.82,827.11,-827.11,-0.0,0.0,-0.0,827.11,,
ED2,200066,beam,V-60x80,H35,sub1,1,Y,V-D-32-sub1,200105,200115,7.25,4.386,3.176,1.78,0.0,-0.0,-0.0,0.0,-76.65,76.65,-239.59,239.59,-233.57,233.57,-0.0,0.0,0.0,-0.0,0.0,-0.0,-42.96,42.96,-134.24,134.24,-130.92,130.92,0.0,-0.0,0.0,-0.0,0.0,-0.0,-161.84,161.84,-22.17,22.17,-22.26,22.26,0.0,-0.0,0.0,-0.0,0.0,-0.0,21.66,-21.66,1117.13,-1117.13,-45.02,45.02,0.0,-0.0,0.0,-0.0,0.0,-0.0,-249.02,249.02,444.07,-444.07,-418.28,418.28,0.0,-0.0,-0.0,418.28,,
ED2,200067,beam,V-60x80,H35,sub1,1,Y,V-D-21-sub1,200115,200125,8.9,5.385,3.176,1.78,0.0,-0.0,-0.0,0.0,62.73,-62.73,233.98,-233.98,229.29,-229.29,-0.0,0.0,0.0,-0.0,0.0,-0.0,35.16,-35.16,131.15,-131.15,128.49,-128.49,0.0,-0.0,0.0,-0.0,-0.0,0.0,133.17,-133.17,24.73,-24.73,15.66,-15.66,-0.0,0.0,0.0,-0.0,0.0,-0.0,17.59,-17.59,123.15,-123.15,1067.65,-1067.65,0.0,-0.0,0.0,-0.0,-0.0,0.0,230.93,-230.93,479.75,-479.75,1172.61,-1172.61,-0.0,0.0,-0.0,1172.61,,
ED2,200068,beam,V-60x80,H35,piso1,1,X,V-3-A'A-piso1,200200,200201,3.75,6.797,9.516,5.332,0.0,-0.0,0.0,-0.0,103.13,-103.13,51.45,-51.45,239.79,-239.79,0.0,-0.0,0.0,-0.0,0.0,-0.0,57.81,-57.81,28.82,-28.82,134.35,-134.35,0.0,-0.0,0.0,-0.0,0.0,-0.0,26.88,-26.88,-44.78,44.78,84.87,-84.87,0.0,-0.0,0.0,-0.0,0.0,-0.0,-533.33,533.33,-5.34,5.34,-172.29,172.29,0.0,-0.0,0.0,-0.0,0.0,-0.0,-214.86,214.86,35.97,-35.97,321.3,-321.3,0.0,-0.0,-0.0,321.3,,
ED2,200069,beam,V-60x80,H35,piso1,1,X,V-3-AB-piso1,200201,200202,7.5,13.594,9.516,5.332,0.0,-0.0,0.0,-0.0,-3.43,3.43,-126.1,126.1,-21.37,21.37,0.0,-0.0,0.0,-0.0,-0.0,0.0,-1.9,1.9,-70.81,70.81,-12.15,12.15,-0.0,0.0,0.0,-0.0,0.0,-0.0,-4.8,4.8,1459.74,-1459.74,1398.5,-1398.5,0.0,-0.0,0.0,-0.0,-0.0,0.0,10.31,-10.31,-147.19,147.19,-150.81,150.81,-0.0,0.0,0.0,-0.0,-0.0,0.0,-1.92,1.92,1006.47,-1006.47,1112.03,-1112.03,-0.0,0.0,-0.0,1112.03,,
ED2,200070,beam,V-60x80,H35,piso1,1,X,V-3-BC-piso1,200202,200203,10.0,18.125,9.516,5.332,0.0,-0.0,-0.0,0.0,-0.94,0.94,-122.15,122.15,34.09,-34.09,-0.0,0.0,0.0,-0.0,-0.0,0.0,-0.52,0.52,-68.7,68.7,18.84,-18.84,-0.0,0.0,0.0,-0.0,0.0,-0.0,1.21,-1.21,1055.24,-1055.24,1067.42,-1067.42,0.0,-0.0,0.0,-0.0,0.0,-0.0,28.65,-28.65,-118.17,118.17,-120.94,120.94,0.0,-0.0,0.0,-0.0,0.0,-0.0,21.12,-21.12,670.25,-670.25,922.9,-922.9,0.0,-0.0,-0.0,922.9,,
ED2,200071,beam,V-60x80,H35,piso1,1,X,V-3-CC'-piso1,200203,200204,7.58,13.739,9.516,5.332,0.0,-0.0,0.0,-0.0,-37.61,37.61,-193.26,193.26,-148.27,148.27,0.0,-0.0,0.0,-0.0,0.0,-0.0,-21.13,21.13,-108.13,108.13,-82.95,82.95,0.0,-0.0,0.0,-0.0,0.0,-0.0,-16.04,16.04,1109.45,-1109.45,611.41,-611.41,0.0,-0.0,0.0,-0.0,0.0,-0.0,191.74,-191.74,-94.83,94.83,-25.8,25.8,0.0,-0.0,0.0,-0.0,0.0,-0.0,70.63,-70.63,625.99,-625.99,299.7,-299.7,0.0,-0.0,-0.0,299.7,,
ED2,200072,beam,V-60x80,H35,piso1,1,X,V-3-C'D-piso1,200204,200205,2.42,4.386,9.516,5.332,0.0,-0.0,0.0,-0.0,153.53,-153.53,83.29,-83.29,166.84,-166.84,0.0,-0.0,0.0,-0.0,-0.0,0.0,86.02,-86.02,46.56,-46.56,93.7,-93.7,-0.0,0.0,0.0,-0.0,-0.0,0.0,45.24,-45.24,-581.27,581.27,1181.42,-1181.42,-0.0,0.0,0.0,-0.0,0.0,-0.0,-439.09,439.09,16.83,-16.83,-201.36,201.36,0.0,-0.0,0.0,-0.0,0.0,-0.0,-49.05,49.05,-380.68,380.68,1172.81,-1172.81,0.0,-0.0,-0.0,1172.81,,
ED2,200073,beam,V-60x80,H35,piso1,1,X,V-2-A'A-piso1,200210,200211,3.75,15.141,21.197,11.878,0.0,-0.0,0.0,-0.0,-16.62,16.62,-86.32,86.32,85.84,-85.84,0.0,-0.0,0.0,-0.0,0.0,-0.0,-9.31,9.31,-48.36,48.36,48.13,-48.13,0.0,-0.0,0.0,-0.0,0.0,-0.0,10.68,-10.68,73.42,-73.42,-130.27,130.27,0.0,-0.0,0.0,-0.0,0.0,-0.0,190.4,-190.4,-17.31,17.31,-30.23,30.23,0.0,-0.0,0.0,-0.0,0.0,-0.0,126.48,-126.48,-81.58,81.58,-5.96,5.96,0.0,-0.0,-0.0,5.96,,
ED2,200074,beam,V-60x80,H35,piso1,1,X,V-2-AB-piso1,200211,200212,7.5,30.281,21.197,11.878,0.0,-0.0,0.0,-0.0,-11.56,11.56,-153.18,153.18,60.4,-60.4,0.0,-0.0,0.0,-0.0,-0.0,0.0,-6.48,6.48,-85.86,85.86,33.87,-33.87,-0.0,0.0,0.0,-0.0,0.0,-0.0,-6.87,6.87,275.34,-275.34,77.68,-77.68,0.0,-0.0,0.0,-0.0,-0.0,0.0,11.96,-11.96,12.06,-12.06,-6.73,6.73,-0.0,0.0,0.0,-0.0,-0.0,0.0,-15.25,15.25,17.81,-17.81,159.13,-159.13,-0.0,0.0,-0.0,159.13,,
ED2,200075,beam,V-60x80,H35,piso1,1,X,V-2-BC-piso1,200212,200213,10.0,40.375,21.197,11.878,0.0,-0.0,-0.0,0.0,-0.32,0.32,-138.93,138.93,102.54,-102.54,-0.0,0.0,0.0,-0.0,-0.0,0.0,-0.18,0.18,-77.91,77.91,57.39,-57.39,-0.0,0.0,0.0,-0.0,0.0,-0.0,0.93,-0.93,153.2,-153.2,129.18,-129.18,0.0,-0.0,0.0,-0.0,0.0,-0.0,-15.49,15.49,3.63,-3.63,-4.71,4.71,0.0,-0.0,0.0,-0.0,0.0,-0.0,-11.27,11.27,-76.24,76.24,272.66,-272.66,0.0,-0.0,-0.0,272.66,,
ED2,200076,beam,V-60x80,H35,piso1,1,X,V-2-CC'-piso1,200213,200214,7.58,30.604,21.197,11.878,0.0,-0.0,0.0,-0.0,19.59,-19.59,-44.19,44.19,22.29,-22.29,0.0,-0.0,0.0,-0.0,0.0,-0.0,10.97,-10.97,-24.71,24.71,12.48,-12.48,0.0,-0.0,0.0,-0.0,0.0,-0.0,-3.26,3.26,132.61,-132.61,147.54,-147.54,0.0,-0.0,0.0,-0.0,0.0,-0.0,-67.86,67.86,8.76,-8.76,15.93,-15.93,0.0,-0.0,0.0,-0.0,0.0,-0.0,-23.27,23.27,57.02,-57.02,179.51,-179.51,0.0,-0.0,-0.0,179.51,,
ED2,200077,beam,V-60x80,H35,piso1,1,X,V-2-C'D-piso1,200214,200215,2.42,9.771,21.197,11.878,0.0,-0.0,0.0,-0.0,22.15,-22.15,109.18,-109.18,128.53,-128.53,0.0,-0.0,0.0,-0.0,-0.0,0.0,12.42,-12.42,61.16,-61.16,72.06,-72.06,-0.0,0.0,0.0,-0.0,-0.0,0.0,4.69,-4.69,-228.46,228.46,259.33,-259.33,-0.0,0.0,0.0,-0.0,0.0,-0.0,119.93,-119.93,-15.98,15.98,-4.2,4.2,0.0,-0.0,0.0,-0.0,0.0,-0.0,128.74,-128.74,-47.25,47.25,430.85,-430.85,0.0,-0.0,-0.0,430.85,,
ED2,200078,beam,V-60x80,H35,piso1,1,X,V-1-A'A-piso1,200220,200221,3.75,8.344,11.681,6.546,0.0,-0.0,0.0,-0.0,-116.88,116.88,45.54,-45.54,259.94,-259.94,0.0,-0.0,0.0,-0.0,0.0,-0.0,-65.57,65.57,25.52,-25.52,145.66,-145.66,0.0,-0.0,0.0,-0.0,0.0,-0.0,-23.52,23.52,-41.39,41.39,68.02,-68.02,0.0,-0.0,0.0,-0.0,0.0,-0.0,-559.39,559.39,25.66,-25.66,207.77,-207.77,0.0,-0.0,0.0,-0.0,0.0,-0.0,-623.16,623.16,53.05,-53.05,622.66,-622.66,0.0,-0.0,-0.0,622.66,,
ED2,200079,beam,V-60x80,H35,piso1,1,X,V-1-AB-piso1,200221,200222,7.5,16.688,11.681,6.546,0.0,-0.0,0.0,-0.0,3.33,-3.33,-133.5,133.5,-7.66,7.66,0.0,-0.0,0.0,-0.0,-0.0,0.0,1.84,-1.84,-74.93,74.93,-4.44,4.44,-0.0,0.0,0.0,-0.0,0.0,-0.0,4.18,-4.18,1469.98,-1469.98,1408.09,-1408.09,0.0,-0.0,0.0,-0.0,-0.0,0.0,10.97,-10.97,141.55,-141.55,146.52,-146.52,-0.0,0.0,0.0,-0.0,-0.0,0.0,17.16,-17.16,1220.72,-1220.72,1365.07,-1365.07,-0.0,0.0,-0.0,1365.07,,
ED2,200080,beam,V-60x80,H35,piso1,1,X,V-1-BC-piso1,200222,200223,10.0,22.25,11.681,6.546,0.0,-0.0,-0.0,0.0,1.57,-1.57,-136.94,136.94,55.51,-55.51,-0.0,0.0,0.0,-0.0,-0.0,0.0,0.88,-0.88,-76.98,76.98,30.85,-30.85,-0.0,0.0,0.0,-0.0,0.0,-0.0,-0.36,0.36,1061.41,-1061.41,1073.82,-1073.82,0.0,-0.0,0.0,-0.0,0.0,-0.0,28.41,-28.41,115.93,-115.93,118.61,-118.61,0.0,-0.0,0.0,-0.0,0.0,-0.0,23.43,-23.43,828.3,-828.3,1141.74,-1141.74,0.0,-0.0,-0.0,1141.74,,
ED2,200081,beam,V-60x80,H35,piso1,1,X,V-1-CC'-piso1,200223,200224,7.58,16.866,11.681,6.546,0.0,-0.0,0.0,-0.0,44.9,-44.9,-206.17,206.17,-144.21,144.21,0.0,-0.0,0.0,-0.0,0.0,-0.0,25.23,-25.23,-115.37,115.37,-80.69,80.69,0.0,-0.0,0.0,-0.0,0.0,-0.0,13.35,-13.35,1117.83,-1117.83,616.66,-616.66,0.0,-0.0,0.0,-0.0,0.0,-0.0,199.15,-199.15,84.05,-84.05,12.1,-12.1,0.0,-0.0,0.0,-0.0,0.0,-0.0,231.51,-231.51,747.54,-747.54,339.17,-339.17,0.0,-0.0,-0.0,339.17,,
ED2,200082,beam,V-60x80,H35,piso1,1,X,V-1-C'D-piso1,200224,200225,2.42,5.385,11.681,6.546,0.0,-0.0,0.0,-0.0,-168.28,168.28,92.12,-92.12,188.98,-188.98,0.0,-0.0,0.0,-0.0,-0.0,0.0,-94.33,94.33,51.51,-51.51,106.12,-106.12,-0.0,0.0,0.0,-0.0,-0.0,0.0,-35.56,35.56,-592.05,592.05,1181.56,-1181.56,-0.0,0.0,0.0,-0.0,0.0,-0.0,-458.73,458.73,-6.88,6.88,216.68,-216.68,0.0,-0.0,0.0,-0.0,0.0,-0.0,-638.66,638.66,-394.38,394.38,1521.01,-1521.01,0.0,-0.0,-0.0,1521.01,,
ED2,200083,beam,V-60x80,H35,piso1,1,Y,V-A'-32-piso1,200200,200210,7.25,6.797,4.922,2.758,0.0,-0.0,-0.0,0.0,51.45,-51.45,-103.13,103.13,-201.23,201.23,-0.0,0.0,0.0,-0.0,0.0,-0.0,28.82,-28.82,-57.81,57.81,-112.67,112.67,0.0,-0.0,0.0,-0.0,0.0,-0.0,-44.78,44.78,-26.88,26.88,-50.63,50.63,0.0,-0.0,0.0,-0.0,0.0,-0.0,-5.34,5.34,533.33,-533.33,-189.9,189.9,0.0,-0.0,0.0,-0.0,-0.0,0.0,35.97,-35.97,214.86,-214.86,-501.9,501.9,-0.0,0.0,-0.0,501.9,,
ED2,200084,beam,V-60x80,H35,piso1,1,Y,V-A'-21-piso1,200210,200220,8.9,8.344,4.922,2.758,0.0,-0.0,0.0,-0.0,-45.54,45.54,218.28,-218.28,116.88,-116.88,0.0,-0.0,0.0,-0.0,-0.0,0.0,-25.52,25.52,122.22,-122.22,65.57,-65.57,-0.0,0.0,0.0,-0.0,0.0,-0.0,41.39,-41.39,39.68,-39.68,23.52,-23.52,0.0,-0.0,0.0,-0.0,-0.0,0.0,-25.66,25.66,-5.37,5.37,559.39,-559.39,-0.0,0.0,0.0,-0.0,0.0,-0.0,-53.05,53.05,372.18,-372.18,623.16,-623.16,0.0,-0.0,-0.0,623.16,,
ED2,200085,beam,V-60x80,H35,piso1,1,Y,V-A-32-piso1,200201,200211,7.25,20.391,14.766,8.274,0.0,-0.0,-0.0,0.0,41.68,-41.68,-578.37,578.37,-447.3,447.3,-0.0,0.0,0.0,-0.0,0.0,-0.0,23.36,-23.36,-324.17,324.17,-250.58,250.58,0.0,-0.0,0.0,-0.0,0.0,-0.0,-119.49,119.49,177.34,-177.34,172.92,-172.92,0.0,-0.0,0.0,-0.0,0.0,-0.0,29.18,-29.18,1553.99,-1553.99,-33.11,33.11,0.0,-0.0,0.0,-0.0,-0.0,0.0,-20.61,20.61,422.56,-422.56,-567.08,567.08,-0.0,0.0,-0.0,567.08,,
ED2,200086,beam,V-60x80,H35,piso1,1,Y,V-A-21-piso1,200211,200221,8.9,25.031,14.766,8.274,0.0,-0.0,0.0,-0.0,-33.76,33.76,442.1,-442.1,568.13,-568.13,0.0,-0.0,0.0,-0.0,-0.0,0.0,-18.91,18.91,247.68,-247.68,318.57,-318.57,-0.0,0.0,0.0,-0.0,0.0,-0.0,98.56,-98.56,-154.93,154.93,-137.83,137.83,0.0,-0.0,0.0,-0.0,-0.0,0.0,9.95,-9.95,216.13,-216.13,1509.93,-1509.93,-0.0,0.0,0.0,-0.0,0.0,-0.0,43.5,-43.5,712.44,-712.44,1895.1,-1895.1,0.0,-0.0,-0.0,1895.1,,
ED2,200087,beam,V-60x80,H35,piso1,1,Y,V-B-32-piso1,200202,200212,7.25,31.719,22.969,12.871,0.0,-0.0,-0.0,0.0,41.39,-41.39,-838.52,838.52,-616.19,616.19,-0.0,0.0,0.0,-0.0,0.0,-0.0,23.22,-23.22,-470.0,470.0,-345.21,345.21,0.0,-0.0,0.0,-0.0,0.0,-0.0,-180.64,180.64,-49.09,49.09,-48.58,48.58,0.0,-0.0,0.0,-0.0,0.0,-0.0,22.38,-22.38,1453.87,-1453.87,-137.16,137.16,0.0,-0.0,0.0,-0.0,-0.0,0.0,-81.18,81.18,-262.3,262.3,-1107.99,1107.99,-0.0,0.0,-0.0,1107.99,,
ED2,200088,beam,V-60x80,H35,piso1,1,Y,V-B-21-piso1,200212,200222,8.9,38.938,22.969,12.871,0.0,-0.0,0.0,-0.0,-33.22,33.22,604.65,-604.65,810.03,-810.03,0.0,-0.0,0.0,-0.0,-0.0,0.0,-18.64,18.64,338.75,-338.75,454.16,-454.16,-0.0,0.0,0.0,-0.0,0.0,-0.0,148.14,-148.14,40.59,-40.59,36.21,-36.21,0.0,-0.0,0.0,-0.0,-0.0,0.0,18.63,-18.63,165.3,-165.3,1461.02,-1461.02,-0.0,0.0,0.0,-0.0,0.0,-0.0,95.44,-95.44,1103.91,-1103.91,2392.54,-2392.54,0.0,-0.0,-0.0,2392.54,,
ED2,200089,beam,V-60x80,H35,piso1,1,Y,V-C-32-piso1,200203,200213,7.25,31.864,23.074,12.93,0.0,-0.0,-0.0,0.0,-24.03,24.03,-865.74,865.74,-644.46,644.46,-0.0,0.0,0.0,-0.0,0.0,-0.0,-13.44,13.44,-485.16,485.16,-360.96,360.96,0.0,-0.0,0.0,-0.0,0.0,-0.0,-202.27,202.27,17.89,-17.89,19.29,-19.29,0.0,-0.0,0.0,-0.0,0.0,-0.0,19.05,-19.05,1349.37,-1349.37,-101.18,101.18,0.0,-0.0,0.0,-0.0,-0.0,0.0,-205.22,205.22,-322.76,322.76,-1063.93,1063.93,-0.0,0.0,-0.0,1063.93,,
ED2,200090,beam,V-60x80,H35,piso1,1,Y,V-C-21-piso1,200213,200223,8.9,39.115,23.074,12.93,0.0,-0.0,0.0,-0.0,20.13,-20.13,624.04,-624.04,825.92,-825.92,0.0,-0.0,0.0,-0.0,-0.0,0.0,11.26,-11.26,349.53,-349.53,462.98,-462.98,-0.0,0.0,0.0,-0.0,0.0,-0.0,165.87,-165.87,-15.0,15.0,-16.04,16.04,0.0,-0.0,0.0,-0.0,-0.0,0.0,23.99,-23.99,154.9,-154.9,1336.8,-1336.8,-0.0,0.0,0.0,-0.0,0.0,-0.0,198.66,-198.66,1076.24,-1076.24,2277.06,-2277.06,0.0,-0.0,-0.0,2277.06,,
ED2,200091,beam,V-60x80,H35,piso1,1,Y,V-C'-32-piso1,200204,200214,7.25,18.125,13.125,7.355,0.0,-0.0,-0.0,0.0,-64.98,64.98,-191.13,191.13,-195.01,195.01,-0.0,0.0,0.0,-0.0,0.0,-0.0,-36.39,36.39,-107.15,107.15,-109.22,109.22,0.0,-0.0,0.0,-0.0,0.0,-0.0,30.14,-30.14,-61.29,61.29,-90.74,90.74,0.0,-0.0,0.0,-0.0,0.0,-0.0,-8.97,8.97,630.83,-630.83,-193.38,193.38,0.0,-0.0,0.0,-0.0,-0.0,0.0,-80.98,80.98,119.68,-119.68,-530.94,530.94,-0.0,0.0,-0.0,530.94,,
ED2,200092,beam,V-60x80,H35,piso1,1,Y,V-C'-21-piso1,200214,200224,8.9,22.25,13.125,7.355,0.0,-0.0,0.0,-0.0,52.09,-52.09,192.39,-192.39,213.18,-213.18,0.0,-0.0,0.0,-0.0,-0.0,0.0,29.18,-29.18,107.74,-107.74,119.56,-119.56,-0.0,0.0,0.0,-0.0,0.0,-0.0,-24.6,24.6,82.58,-82.58,48.9,-48.9,0.0,-0.0,0.0,-0.0,-0.0,0.0,-5.21,5.21,0.78,-0.78,657.88,-657.88,-0.0,0.0,0.0,-0.0,0.0,-0.0,55.21,-55.21,375.04,-375.04,870.17,-870.17,0.0,-0.0,-0.0,870.17,,
ED2,200093,beam,V-60x80,H35,piso1,1,Y,V-D-32-piso1,200205,200215,7.25,4.386,3.176,1.78,0.0,-0.0,-0.0,0.0,-75.91,75.91,-239.04,239.04,-228.87,228.87,-0.0,0.0,0.0,-0.0,0.0,-0.0,-42.56,42.56,-133.98,133.98,-128.2,128.2,0.0,-0.0,0.0,-0.0,0.0,-0.0,-154.27,154.27,-22.89,22.89,-21.1,21.1,0.0,-0.0,0.0,-0.0,0.0,-0.0,24.29,-24.29,1206.36,-1206.36,-48.46,48.46,0.0,-0.0,0.0,-0.0,-0.0,0.0,-239.1,239.1,511.15,-511.15,-412.41,412.41,-0.0,0.0,-0.0,412.41,,
ED2,200094,beam,V-60x80,H35,piso1,1,Y,V-D-21-piso1,200215,200225,8.9,5.385,3.176,1.78,0.0,-0.0,0.0,-0.0,62.32,-62.32,229.77,-229.77,238.72,-238.72,0.0,-0.0,0.0,-0.0,-0.0,0.0,34.94,-34.94,128.7,-128.7,133.91,-133.91,-0.0,0.0,0.0,-0.0,0.0,-0.0,126.9,-126.9,23.37,-23.37,14.95,-14.95,0.0,-0.0,0.0,-0.0,-0.0,0.0,19.74,-19.74,132.95,-132.95,1153.15,-1153.15,-0.0,0.0,0.0,-0.0,0.0,-0.0,226.27,-226.27,479.22,-479.22,1250.95,-1250.95,0.0,-0.0,-0.0,1250.95,,
ED2,200095,beam,V-60x80,H35,piso2,1,X,V-3-A'A-piso2,200300,200301,3.75,6.797,9.516,5.332,0.0,-0.0,0.0,-0.0,100.94,-100.94,51.95,-51.95,239.63,-239.63,0.0,-0.0,0.0,-0.0,0.0,-0.0,56.27,-56.27,29.18,-29.18,134.27,-134.27,0.0,-0.0,0.0,-0.0,0.0,-0.0,20.22,-20.22,-33.12,33.12,63.19,-63.19,0.0,-0.0,0.0,-0.0,0.0,-0.0,-426.25,426.25,-4.23,4.23,-137.75,137.75,0.0,-0.0,0.0,-0.0,0.0,-0.0,-144.27,144.27,48.15,-48.15,327.45,-327.45,0.0,-0.0,-0.0,327.45,,
ED2,200096,beam,V-60x80,H35,piso2,1,X,V-3-AB-piso2,200301,200302,7.5,13.594,9.516,5.332,0.0,-0.0,-0.0,0.0,-4.1,4.1,-129.59,129.59,-23.43,23.43,-0.0,0.0,0.0,-0.0,0.0,-0.0,-2.39,2.39,-73.06,73.06,-13.38,13.38,0.0,-0.0,0.0,-0.0,0.0,-0.0,-3.53,3.53,1080.14,-1080.14,1032.48,-1032.48,0.0,-0.0,0.0,-0.0,0.0,-0.0,8.2,-8.2,-118.88,118.88,-121.87,121.87,0.0,-0.0,0.0,-0.0,0.0,-0.0,-3.52,3.52,680.32,-680.32,801.02,-801.02,0.0,-0.0,-0.0,801.02,,
ED2,200097,beam,V-60x80,H35,piso2,1,X,V-3-BC-piso2,200302,200303,10.0,18.125,9.516,5.332,0.0,-0.0,0.0,-0.0,-0.95,0.95,-123.73,123.73,32.3,-32.3,0.0,-0.0,0.0,-0.0,0.0,-0.0,-0.53,0.53,-69.53,69.53,17.88,-17.88,0.0,-0.0,0.0,-0.0,0.0,-0.0,0.83,-0.83,796.64,-796.64,805.2,-805.2,0.0,-0.0,0.0,-0.0,-0.0,0.0,23.04,-23.04,-95.44,95.44,-97.75,97.75,-0.0,0.0,0.0,-0.0,-0.0,0.0,16.54,-16.54,452.14,-452.14,701.55,-701.55,-0.0,0.0,-0.0,701.55,,
ED2,200098,beam,V-60x80,H35,piso2,1,X,V-3-CC'-piso2,200303,200304,7.58,13.739,9.516,5.332,0.0,-0.0,-0.0,0.0,-35.85,35.85,-192.46,192.46,-149.57,149.57,-0.0,0.0,0.0,-0.0,-0.0,0.0,-19.85,19.85,-107.78,107.78,-84.01,84.01,-0.0,0.0,0.0,-0.0,-0.0,0.0,-12.02,12.02,828.39,-828.39,457.73,-457.73,-0.0,0.0,0.0,-0.0,0.0,-0.0,153.17,-153.17,-74.46,74.46,-19.84,19.84,0.0,-0.0,0.0,-0.0,0.0,-0.0,48.36,-48.36,389.47,-389.47,163.5,-163.5,0.0,-0.0,-0.0,163.5,,
ED2,200099,beam,V-60x80,H35,piso2,1,X,V-3-C'D-piso2,200304,200305,2.42,4.386,9.516,5.332,0.0,-0.0,-0.0,0.0,153.05,-153.05,84.32,-84.32,165.87,-165.87,-0.0,0.0,0.0,-0.0,-0.0,0.0,85.71,-85.71,47.4,-47.4,92.79,-92.79,-0.0,0.0,0.0,-0.0,0.0,-0.0,33.92,-33.92,-435.36,435.36,883.99,-883.99,0.0,-0.0,0.0,-0.0,-0.0,0.0,-349.91,349.91,13.03,-13.03,-159.54,159.54,-0.0,0.0,0.0,-0.0,-0.0,0.0,6.86,-6.86,-250.34,250.34,934.6,-934.6,-0.0,0.0,-0.0,934.6,,
ED2,200100,beam,V-60x80,H35,piso2,1,X,V-2-A'A-piso2,200310,200311,3.75,15.141,21.197,11.878,0.0,-0.0,0.0,-0.0,-16.48,16.48,-87.16,87.16,85.78,-85.78,0.0,-0.0,0.0,-0.0,0.0,-0.0,-9.22,9.22,-48.95,48.95,48.06,-48.06,0.0,-0.0,0.0,-0.0,0.0,-0.0,7.89,-7.89,54.35,-54.35,-97.03,97.03,0.0,-0.0,0.0,-0.0,0.0,-0.0,152.15,-152.15,-13.85,13.85,-24.13,24.13,0.0,-0.0,0.0,-0.0,0.0,-0.0,95.51,-95.51,-97.58,97.58,28.42,-28.42,0.0,-0.0,-0.0,28.42,,
ED2,200101,beam,V-60x80,H35,piso2,1,X,V-2-AB-piso2,200311,200312,7.5,30.281,21.197,11.878,0.0,-0.0,-0.0,0.0,-11.58,11.58,-154.25,154.25,59.88,-59.88,-0.0,0.0,0.0,-0.0,0.0,-0.0,-6.49,6.49,-86.58,86.58,33.49,-33.49,0.0,-0.0,0.0,-0.0,0.0,-0.0,-4.93,4.93,204.62,-204.62,53.83,-53.83,0.0,-0.0,0.0,-0.0,0.0,-0.0,9.68,-9.68,9.58,-9.58,-5.41,5.41,0.0,-0.0,0.0,-0.0,0.0,-0.0,-15.24,15.24,-49.48,49.48,137.76,-137.76,0.0,-0.0,-0.0,137.76,,
ED2,200102,beam,V-60x80,H35,piso2,1,X,V-2-BC-piso2,200312,200313,10.0,40.375,21.197,11.878,0.0,-0.0,0.0,-0.0,-0.3,0.3,-138.97,138.97,101.01,-101.01,0.0,-0.0,0.0,-0.0,0.0,-0.0,-0.16,0.16,-77.88,77.88,56.41,-56.41,0.0,-0.0,0.0,-0.0,0.0,-0.0,0.53,-0.53,118.24,-118.24,98.63,-98.63,0.0,-0.0,0.0,-0.0,-0.0,0.0,-12.39,12.39,2.89,-2.89,-3.84,3.84,-0.0,0.0,0.0,-0.0,-0.0,0.0,-9.27,9.27,-108.27,108.27,243.3,-243.3,-0.0,0.0,-0.0,243.3,,
ED2,200103,beam,V-60x80,H35,piso2,1,X,V-2-CC'-piso2,200313,200314,7.58,30.604,21.197,11.878,0.0,-0.0,-0.0,0.0,19.55,-19.55,-42.03,42.03,22.48,-22.48,-0.0,0.0,0.0,-0.0,-0.0,0.0,10.95,-10.95,-23.28,23.28,12.63,-12.63,-0.0,0.0,0.0,-0.0,-0.0,0.0,-2.36,2.36,97.6,-97.6,111.15,-111.15,-0.0,0.0,0.0,-0.0,0.0,-0.0,-54.78,54.78,7.08,-7.08,12.75,-12.75,0.0,-0.0,0.0,-0.0,0.0,-0.0,-12.71,12.71,27.84,-27.84,144.71,-144.71,0.0,-0.0,-0.0,144.71,,
ED2,200104,beam,V-60x80,H35,piso2,1,X,V-2-C'D-piso2,200314,200315,2.42,9.771,21.197,11.878,0.0,-0.0,-0.0,0.0,22.32,-22.32,109.41,-109.41,128.58,-128.58,-0.0,0.0,0.0,-0.0,-0.0,0.0,12.53,-12.53,61.35,-61.35,72.06,-72.06,-0.0,0.0,0.0,-0.0,0.0,-0.0,3.52,-3.52,-171.58,171.58,194.29,-194.29,0.0,-0.0,0.0,-0.0,-0.0,0.0,95.15,-95.15,-12.74,12.74,-3.31,3.31,-0.0,0.0,0.0,-0.0,-0.0,0.0,109.38,-109.38,6.78,-6.78,373.02,-373.02,-0.0,0.0,-0.0,373.02,,
ED2,200105,beam,V-60x80,H35,piso2,1,X,V-1-A'A-piso2,200320,200321,3.75,8.344,11.681,6.546,0.0,-0.0,0.0,-0.0,-115.87,115.87,46.03,-46.03,260.17,-260.17,0.0,-0.0,0.0,-0.0,0.0,-0.0,-64.78,64.78,25.86,-25.86,145.83,-145.83,0.0,-0.0,0.0,-0.0,0.0,-0.0,-17.68,17.68,-30.67,30.67,50.68,-50.68,0.0,-0.0,0.0,-0.0,0.0,-0.0,-447.06,447.06,20.48,-20.48,166.07,-166.07,0.0,-0.0,0.0,-0.0,0.0,-0.0,-531.86,531.86,59.65,-59.65,576.16,-576.16,0.0,-0.0,-0.0,576.16,,
ED2,200106,beam,V-60x80,H35,piso2,1,X,V-1-AB-piso2,200321,200322,7.5,16.688,11.681,6.546,0.0,-0.0,-0.0,0.0,3.97,-3.97,-136.77,136.77,-9.39,9.39,-0.0,0.0,0.0,-0.0,0.0,-0.0,2.31,-2.31,-77.05,77.05,-5.46,5.46,0.0,-0.0,0.0,-0.0,0.0,-0.0,3.13,-3.13,1088.46,-1088.46,1040.26,-1040.26,0.0,-0.0,0.0,-0.0,0.0,-0.0,8.73,-8.73,114.13,-114.13,118.23,-118.23,0.0,-0.0,0.0,-0.0,0.0,-0.0,15.64,-15.64,851.4,-851.4,1010.06,-1010.06,0.0,-0.0,-0.0,1010.06,,
ED2,200107,beam,V-60x80,H35,piso2,1,X,V-1-BC-piso2,200322,200323,10.0,22.25,11.681,6.546,0.0,-0.0,0.0,-0.0,1.63,-1.63,-138.22,138.22,54.04,-54.04,0.0,-0.0,0.0,-0.0,0.0,-0.0,0.92,-0.92,-77.61,77.61,30.11,-30.11,0.0,-0.0,0.0,-0.0,0.0,-0.0,-0.17,0.17,801.36,-801.36,810.12,-810.12,0.0,-0.0,0.0,-0.0,-0.0,0.0,22.85,-22.85,93.52,-93.52,95.75,-95.75,-0.0,0.0,0.0,-0.0,-0.0,0.0,19.55,-19.55,575.53,-575.53,885.07,-885.07,-0.0,0.0,-0.0,885.07,,
ED2,200108,beam,V-60x80,H35,piso2,1,X,V-1-CC'-piso2,200323,200324,7.58,16.866,11.681,6.546,0.0,-0.0,-0.0,0.0,43.63,-43.63,-205.33,205.33,-145.56,145.56,-0.0,0.0,0.0,-0.0,-0.0,0.0,24.27,-24.27,-114.98,114.98,-81.76,81.76,-0.0,0.0,0.0,-0.0,-0.0,0.0,10.0,-10.0,835.07,-835.07,461.93,-461.93,-0.0,0.0,0.0,-0.0,0.0,-0.0,159.1,-159.1,65.58,-65.58,8.72,-8.72,0.0,-0.0,0.0,-0.0,0.0,-0.0,196.22,-196.22,480.43,-480.43,194.96,-194.96,0.0,-0.0,-0.0,194.96,,
ED2,200109,beam,V-60x80,H35,piso2,1,X,V-1-C'D-piso2,200324,200325,2.42,5.385,11.681,6.546,0.0,-0.0,-0.0,0.0,-168.68,168.68,93.22,-93.22,188.2,-188.2,-0.0,0.0,0.0,-0.0,-0.0,0.0,-94.57,94.57,52.4,-52.4,105.33,-105.33,-0.0,0.0,0.0,-0.0,0.0,-0.0,-26.5,26.5,-443.66,443.66,884.5,-884.5,0.0,-0.0,0.0,-0.0,-0.0,0.0,-365.55,365.55,-4.96,4.96,171.49,-171.49,-0.0,0.0,0.0,-0.0,-0.0,0.0,-561.27,561.27,-257.39,257.39,1218.2,-1218.2,-0.0,0.0,-0.0,1218.2,,
ED2,200110,beam,V-60x80,H35,piso2,1,Y,V-A'-32-piso2,200300,200310,7.25,6.797,4.922,2.758,0.0,-0.0,0.0,-0.0,51.95,-51.95,-100.94,100.94,-204.07,204.07,0.0,-0.0,0.0,-0.0,0.0,-0.0,29.18,-29.18,-56.27,56.27,-114.75,114.75,0.0,-0.0,0.0,-0.0,-0.0,0.0,-33.12,33.12,-20.22,20.22,-37.92,37.92,-0.0,0.0,0.0,-0.0,0.0,-0.0,-4.23,4.23,426.25,-426.25,-151.75,151.75,0.0,-0.0,0.0,-0.0,-0.0,0.0,48.15,-48.15,144.27,-144.27,-466.75,466.75,-0.0,0.0,-0.0,466.75,,
ED2,200111,beam,V-60x80,H35,piso2,1,Y,V-A'-21-piso2,200310,200320,8.9,8.344,4.922,2.758,0.0,-0.0,-0.0,0.0,-46.03,46.03,220.97,-220.97,115.87,-115.87,-0.0,0.0,0.0,-0.0,-0.0,0.0,-25.86,25.86,124.21,-124.21,64.78,-64.78,-0.0,0.0,0.0,-0.0,0.0,-0.0,30.67,-30.67,29.82,-29.82,17.68,-17.68,0.0,-0.0,0.0,-0.0,0.0,-0.0,-20.48,20.48,-4.3,4.3,447.06,-447.06,0.0,-0.0,0.0,-0.0,0.0,-0.0,-59.65,59.65,368.79,-368.79,531.86,-531.86,0.0,-0.0,-0.0,531.86,,
ED2,200112,beam,V-60x80,H35,piso2,1,Y,V-A-32-piso2,200301,200311,7.25,20.391,14.766,8.274,0.0,-0.0,0.0,-0.0,42.51,-42.51,-573.67,573.67,-450.4,450.4,0.0,-0.0,0.0,-0.0,0.0,-0.0,23.93,-23.93,-320.84,320.84,-252.82,252.82,0.0,-0.0,0.0,-0.0,-0.0,0.0,-88.64,88.64,130.34,-130.34,127.37,-127.37,-0.0,0.0,0.0,-0.0,0.0,-0.0,23.39,-23.39,1241.81,-1241.81,-26.57,26.57,0.0,-0.0,0.0,-0.0,-0.0,0.0,4.21,-4.21,154.15,-154.15,-608.51,608.51,-0.0,0.0,-0.0,608.51,,
ED2,200113,beam,V-60x80,H35,piso2,1,Y,V-A-21-piso2,200311,200321,8.9,25.031,14.766,8.274,0.0,-0.0,-0.0,0.0,-34.43,34.43,445.37,-445.37,566.87,-566.87,-0.0,0.0,0.0,-0.0,-0.0,0.0,-19.38,19.38,250.02,-250.02,317.45,-317.45,-0.0,0.0,0.0,-0.0,0.0,-0.0,73.16,-73.16,-114.21,114.21,-101.48,101.48,0.0,-0.0,0.0,-0.0,0.0,-0.0,7.98,-7.98,172.69,-172.69,1206.68,-1206.68,0.0,-0.0,0.0,-0.0,0.0,-0.0,18.01,-18.01,722.11,-722.11,1697.99,-1697.99,0.0,-0.0,-0.0,1697.99,,
ED2,200114,beam,V-60x80,H35,piso2,1,Y,V-B-32-piso2,200302,200312,7.25,31.719,22.969,12.871,0.0,-0.0,0.0,-0.0,41.82,-41.82,-832.96,832.96,-619.98,619.98,0.0,-0.0,0.0,-0.0,0.0,-0.0,23.49,-23.49,-466.03,466.03,-347.95,347.95,0.0,-0.0,0.0,-0.0,-0.0,0.0,-134.87,134.87,-32.79,32.79,-32.44,32.44,-0.0,0.0,0.0,-0.0,0.0,-0.0,18.01,-18.01,1162.34,-1162.34,-109.57,109.57,0.0,-0.0,0.0,-0.0,-0.0,0.0,-42.56,42.56,-456.75,456.75,-1079.3,1079.3,-0.0,0.0,-0.0,1079.3,,
ED2,200115,beam,V-60x80,H35,piso2,1,Y,V-B-21-piso2,200312,200322,8.9,38.938,22.969,12.871,0.0,-0.0,-0.0,0.0,-33.53,33.53,608.41,-608.41,807.97,-807.97,-0.0,0.0,0.0,-0.0,-0.0,0.0,-18.83,18.83,341.46,-341.46,452.45,-452.45,-0.0,0.0,0.0,-0.0,0.0,-0.0,110.63,-110.63,26.84,-26.84,23.91,-23.91,0.0,-0.0,0.0,-0.0,0.0,-0.0,14.95,-14.95,132.21,-132.21,1168.05,-1168.05,0.0,-0.0,0.0,-0.0,0.0,-0.0,58.41,-58.41,1073.17,-1073.17,2157.97,-2157.97,0.0,-0.0,-0.0,2157.97,,
ED2,200116,beam,V-60x80,H35,piso2,1,Y,V-C-32-piso2,200303,200313,7.25,31.864,23.074,12.93,0.0,-0.0,0.0,-0.0,-24.37,24.37,-858.9,858.9,-647.07,647.07,0.0,-0.0,0.0,-0.0,0.0,-0.0,-13.7,13.7,-480.4,480.4,-362.98,362.98,0.0,-0.0,0.0,-0.0,-0.0,0.0,-151.71,151.71,11.08,-11.08,12.38,-12.38,-0.0,0.0,0.0,-0.0,0.0,-0.0,15.37,-15.37,1078.59,-1078.59,-80.54,80.54,0.0,-0.0,0.0,-0.0,-0.0,0.0,-163.08,163.08,-520.39,520.39,-1059.32,1059.32,-0.0,0.0,-0.0,1059.32,,
ED2,200117,beam,V-60x80,H35,piso2,1,Y,V-C-21-piso2,200313,200323,8.9,39.115,23.074,12.93,0.0,-0.0,-0.0,0.0,20.45,-20.45,626.72,-626.72,822.66,-822.66,-0.0,0.0,0.0,-0.0,-0.0,0.0,11.51,-11.51,351.58,-351.58,460.53,-460.53,-0.0,0.0,0.0,-0.0,0.0,-0.0,124.44,-124.44,-9.41,9.41,-10.53,10.53,0.0,-0.0,0.0,-0.0,0.0,-0.0,19.31,-19.31,124.02,-124.02,1068.47,-1068.47,0.0,-0.0,0.0,-0.0,0.0,-0.0,158.44,-158.44,1062.84,-1062.84,2075.07,-2075.07,0.0,-0.0,-0.0,2075.07,,
ED2,200118,beam,V-60x80,H35,piso2,1,Y,V-C'-32-piso2,200304,200314,7.25,18.125,13.125,7.355,0.0,-0.0,0.0,-0.0,-65.25,65.25,-188.9,188.9,-197.88,197.88,0.0,-0.0,0.0,-0.0,0.0,-0.0,-36.61,36.61,-105.55,105.55,-111.29,111.29,0.0,-0.0,0.0,-0.0,-0.0,0.0,22.37,-22.37,-45.95,45.95,-67.96,67.96,-0.0,0.0,0.0,-0.0,0.0,-0.0,-6.81,6.81,503.07,-503.07,-154.34,154.34,0.0,-0.0,0.0,-0.0,-0.0,0.0,-86.84,86.84,41.5,-41.5,-486.08,486.08,-0.0,0.0,-0.0,486.08,,
ED2,200119,beam,V-60x80,H35,piso2,1,Y,V-C'-21-piso2,200314,200324,8.9,22.25,13.125,7.355,0.0,-0.0,-0.0,0.0,52.33,-52.33,195.04,-195.04,212.31,-212.31,-0.0,0.0,0.0,-0.0,-0.0,0.0,29.36,-29.36,109.67,-109.67,118.84,-118.84,-0.0,0.0,0.0,-0.0,0.0,-0.0,-18.28,18.28,61.93,-61.93,36.5,-36.5,0.0,-0.0,0.0,-0.0,0.0,-0.0,-3.76,3.76,0.56,-0.56,524.65,-524.65,0.0,-0.0,0.0,-0.0,0.0,-0.0,62.43,-62.43,360.86,-360.86,757.49,-757.49,0.0,-0.0,-0.0,757.49,,
ED2,200120,beam,V-60x80,H35,piso2,1,Y,V-D-32-piso2,200305,200315,7.25,4.386,3.176,1.78,0.0,-0.0,0.0,-0.0,-75.92,75.92,-235.87,235.87,-231.3,231.3,0.0,-0.0,0.0,-0.0,0.0,-0.0,-42.55,42.55,-131.75,131.75,-129.95,129.95,0.0,-0.0,0.0,-0.0,-0.0,0.0,-115.55,115.55,-16.98,16.98,-15.57,15.57,-0.0,0.0,0.0,-0.0,0.0,-0.0,19.51,-19.51,961.43,-961.43,-38.81,38.81,0.0,-0.0,0.0,-0.0,-0.0,0.0,-207.83,207.83,338.18,-338.18,-404.37,404.37,-0.0,0.0,-0.0,404.37,,
ED2,200121,beam,V-60x80,H35,piso2,1,Y,V-D-21-piso2,200315,200325,8.9,5.385,3.176,1.78,0.0,-0.0,-0.0,0.0,62.36,-62.36,232.19,-232.19,237.98,-237.98,-0.0,0.0,0.0,-0.0,-0.0,0.0,34.95,-34.95,130.45,-130.45,133.23,-133.23,-0.0,0.0,0.0,-0.0,0.0,-0.0,95.11,-95.11,17.28,-17.28,10.69,-10.69,0.0,-0.0,0.0,-0.0,0.0,-0.0,15.92,-15.92,105.83,-105.83,919.0,-919.0,0.0,-0.0,0.0,-0.0,0.0,-0.0,194.85,-194.85,457.56,-457.56,1070.09,-1070.09,0.0,-0.0,-0.0,1070.09,,
ED2,200122,beam,V-60x80,H35,piso3,2,X,V-3-A'A-piso3,200400,200401,3.75,6.797,9.516,5.332,0.0,-0.0,-0.0,0.0,104.01,-104.01,51.15,-51.15,239.08,-239.08,-0.0,0.0,0.0,-0.0,-0.0,0.0,58.86,-58.86,28.49,-28.49,133.67,-133.67,-0.0,0.0,0.0,-0.0,0.0,-0.0,12.29,-12.29,-19.91,19.91,38.46,-38.46,0.0,-0.0,0.0,-0.0,-0.0,0.0,-285.1,285.1,-2.46,2.46,-92.67,92.67,-0.0,0.0,0.0,-0.0,-0.0,0.0,-39.9,39.9,59.87,-59.87,337.86,-337.86,-0.0,0.0,-0.0,337.86,,
ED2,200123,beam,V-60x80,H35,piso3,2,X,V-3-AB-piso3,200401,200402,7.5,13.594,9.516,5.332,0.0,-0.0,0.0,-0.0,-2.7,2.7,-130.0,130.0,-26.64,26.64,0.0,-0.0,0.0,-0.0,-0.0,0.0,-1.13,1.13,-74.56,74.56,-17.39,17.39,-0.0,0.0,0.0,-0.0,0.0,-0.0,-1.71,1.71,652.0,-652.0,625.72,-625.72,0.0,-0.0,0.0,-0.0,0.0,-0.0,6.84,-6.84,-84.02,84.02,-85.4,85.4,0.0,-0.0,0.0,-0.0,0.0,-0.0,-0.23,0.23,319.22,-319.22,455.07,-455.07,0.0,-0.0,-0.0,455.07,,
ED2,200124,beam,V-60x80,H35,piso3,2,X,V-3-BC-piso3,200402,200403,10.0,18.125,9.516,5.332,0.0,-0.0,0.0,-0.0,-0.84,0.84,-128.79,128.79,27.28,-27.28,0.0,-0.0,0.0,-0.0,-0.0,0.0,-0.39,0.39,-74.78,74.78,12.66,-12.66,-0.0,0.0,0.0,-0.0,0.0,-0.0,0.37,-0.37,507.75,-507.75,512.23,-512.23,0.0,-0.0,0.0,-0.0,-0.0,0.0,15.24,-15.24,-66.07,66.07,-67.63,67.63,-0.0,0.0,0.0,-0.0,-0.0,0.0,10.53,-10.53,203.87,-203.87,450.23,-450.23,-0.0,0.0,-0.0,450.23,,
ED2,200125,beam,V-60x80,H35,piso3,2,X,V-3-CC'-piso3,200403,200404,7.58,13.739,9.516,5.332,0.0,-0.0,-0.0,0.0,-39.17,39.17,-189.72,189.72,-144.65,144.65,-0.0,0.0,0.0,-0.0,0.0,-0.0,-22.77,22.77,-106.98,106.98,-80.48,80.48,0.0,-0.0,0.0,-0.0,0.0,-0.0,-7.16,7.16,511.84,-511.84,280.67,-280.67,0.0,-0.0,0.0,-0.0,-0.0,0.0,101.14,-101.14,-49.2,49.2,-12.94,12.94,-0.0,0.0,0.0,-0.0,-0.0,0.0,7.47,-7.47,127.06,-127.06,17.77,-17.77,-0.0,0.0,-0.0,17.77,,
ED2,200126,beam,V-60x80,H35,piso3,2,X,V-3-C'D-piso3,200404,200405,2.42,4.386,9.516,5.332,0.0,-0.0,-0.0,0.0,153.26,-153.26,80.13,-80.13,172.1,-172.1,-0.0,0.0,0.0,-0.0,-0.0,0.0,85.67,-85.67,44.49,-44.49,96.58,-96.58,-0.0,0.0,0.0,-0.0,0.0,-0.0,20.95,-20.95,-266.88,266.88,543.03,-543.03,0.0,-0.0,0.0,-0.0,0.0,-0.0,-234.49,234.49,8.84,-8.84,-106.35,106.35,0.0,-0.0,0.0,-0.0,0.0,-0.0,81.92,-81.92,-108.94,108.94,677.64,-677.64,0.0,-0.0,-0.0,677.64,,
ED2,200127,beam,V-60x80,H35,piso3,2,X,V-2-A'A-piso3,200410,200411,3.75,15.141,21.197,11.878,0.0,-0.0,-0.0,0.0,-16.4,16.4,-85.86,85.86,86.54,-86.54,-0.0,0.0,0.0,-0.0,-0.0,0.0,-9.09,9.09,-47.85,47.85,48.82,-48.82,-0.0,0.0,0.0,-0.0,0.0,-0.0,4.78,-4.78,32.69,-32.69,-59.03,59.03,0.0,-0.0,0.0,-0.0,-0.0,0.0,101.21,-101.21,-9.23,9.23,-16.12,16.12,-0.0,0.0,0.0,-0.0,-0.0,0.0,54.72,-54.72,-111.21,111.21,70.15,-70.15,-0.0,0.0,-0.0,70.15,,
ED2,200128,beam,V-60x80,H35,piso3,2,X,V-2-AB-piso3,200411,200412,7.5,30.281,21.197,11.878,0.0,-0.0,0.0,-0.0,-11.5,11.5,-153.53,153.53,60.78,-60.78,0.0,-0.0,0.0,-0.0,-0.0,0.0,-6.41,6.41,-86.12,86.12,34.19,-34.19,-0.0,0.0,0.0,-0.0,0.0,-0.0,-2.77,2.77,123.98,-123.98,29.25,-29.25,0.0,-0.0,0.0,-0.0,0.0,-0.0,6.05,-6.05,6.4,-6.4,-3.52,3.52,0.0,-0.0,0.0,-0.0,0.0,-0.0,-15.86,15.86,-123.27,123.27,118.65,-118.65,0.0,-0.0,-0.0,118.65,,
ED2,200129,beam,V-60x80,H35,piso3,2,X,V-2-BC-piso3,200412,200413,10.0,40.375,21.197,11.878,0.0,-0.0,0.0,-0.0,-0.28,0.28,-140.23,140.23,101.05,-101.05,0.0,-0.0,0.0,-0.0,-0.0,0.0,-0.16,0.16,-79.07,79.07,56.54,-56.54,-0.0,0.0,0.0,-0.0,0.0,-0.0,0.11,-0.11,77.89,-77.89,64.08,-64.08,0.0,-0.0,0.0,-0.0,-0.0,0.0,-8.15,8.15,1.8,-1.8,-2.66,2.66,-0.0,0.0,0.0,-0.0,-0.0,0.0,-6.45,6.45,-147.86,147.86,213.27,-213.27,-0.0,0.0,-0.0,213.27,,
ED2,200130,beam,V-60x80,H35,piso3,2,X,V-2-CC'-piso3,200413,200414,7.58,30.604,21.197,11.878,0.0,-0.0,-0.0,0.0,19.33,-19.33,-43.58,43.58,22.26,-22.26,-0.0,0.0,0.0,-0.0,0.0,-0.0,10.75,-10.75,-25.06,25.06,12.23,-12.23,0.0,-0.0,0.0,-0.0,0.0,-0.0,-1.32,1.32,58.83,-58.83,68.14,-68.14,0.0,-0.0,0.0,-0.0,-0.0,0.0,-36.67,36.67,4.76,-4.76,8.48,-8.48,-0.0,0.0,0.0,-0.0,-0.0,0.0,1.39,-1.39,-12.12,12.12,102.18,-102.18,-0.0,0.0,-0.0,102.18,,
ED2,200131,beam,V-60x80,H35,piso3,2,X,V-2-C'D-piso3,200414,200415,2.42,9.771,21.197,11.878,0.0,-0.0,-0.0,0.0,22.21,-22.21,108.5,-108.5,129.48,-129.48,-0.0,0.0,0.0,-0.0,-0.0,0.0,12.46,-12.46,60.83,-60.83,72.47,-72.47,-0.0,0.0,0.0,-0.0,0.0,-0.0,2.16,-2.16,-105.34,105.34,119.17,-119.17,0.0,-0.0,0.0,-0.0,0.0,-0.0,63.37,-63.37,-8.47,8.47,-2.22,2.22,0.0,-0.0,0.0,-0.0,0.0,-0.0,84.15,-84.15,68.16,-68.16,307.53,-307.53,0.0,-0.0,-0.0,307.53,,
ED2,200132,beam,V-60x80,H35,piso3,2,X,V-1-A'A-piso3,200420,200421,3.75,8.344,11.681,6.546,0.0,-0.0,-0.0,0.0,-119.09,119.09,45.3,-45.3,259.83,-259.83,-0.0,0.0,0.0,-0.0,-0.0,0.0,-67.84,67.84,25.25,-25.25,145.53,-145.53,-0.0,0.0,0.0,-0.0,0.0,-0.0,-10.71,10.71,-18.45,18.45,30.82,-30.82,0.0,-0.0,0.0,-0.0,-0.0,0.0,-298.98,298.98,13.29,-13.29,111.58,-111.58,-0.0,0.0,0.0,-0.0,-0.0,0.0,-420.8,420.8,63.92,-63.92,516.78,-516.78,-0.0,0.0,-0.0,516.78,,
ED2,200133,beam,V-60x80,H35,piso3,2,X,V-1-AB-piso3,200421,200422,7.5,16.688,11.681,6.546,0.0,-0.0,0.0,-0.0,2.74,-2.74,-136.55,136.55,-12.22,12.22,0.0,-0.0,0.0,-0.0,-0.0,0.0,1.2,-1.2,-77.98,77.98,-9.12,9.12,-0.0,0.0,0.0,-0.0,0.0,-0.0,1.59,-1.59,657.48,-657.48,631.0,-631.0,0.0,-0.0,0.0,-0.0,0.0,-0.0,7.15,-7.15,80.7,-80.7,82.72,-82.72,0.0,-0.0,0.0,-0.0,0.0,-0.0,10.73,-10.73,437.72,-437.72,608.59,-608.59,0.0,-0.0,-0.0,608.59,,
ED2,200134,beam,V-60x80,H35,piso3,2,X,V-1-BC-piso3,200422,200423,10.0,22.25,11.681,6.546,0.0,-0.0,0.0,-0.0,1.53,-1.53,-143.24,143.24,49.06,-49.06,0.0,-0.0,0.0,-0.0,-0.0,0.0,0.82,-0.82,-82.78,82.78,24.96,-24.96,-0.0,0.0,0.0,-0.0,0.0,-0.0,0.03,-0.03,510.71,-510.71,515.3,-515.3,0.0,-0.0,0.0,-0.0,-0.0,0.0,15.11,-15.11,64.56,-64.56,66.08,-66.08,-0.0,0.0,0.0,-0.0,-0.0,0.0,13.71,-13.71,282.04,-282.04,587.35,-587.35,-0.0,0.0,-0.0,587.35,,
ED2,200135,beam,V-60x80,H35,piso3,2,X,V-1-CC'-piso3,200423,200424,7.58,16.866,11.681,6.546,0.0,-0.0,-0.0,0.0,46.75,-46.75,-202.7,202.7,-140.69,140.69,-0.0,0.0,0.0,-0.0,0.0,-0.0,27.15,-27.15,-114.21,114.21,-78.27,78.27,0.0,-0.0,0.0,-0.0,0.0,-0.0,5.95,-5.95,516.12,-516.12,283.28,-283.28,0.0,-0.0,0.0,-0.0,-0.0,0.0,105.02,-105.02,43.05,-43.05,5.47,-5.47,-0.0,0.0,0.0,-0.0,-0.0,0.0,158.03,-158.03,179.89,-179.89,40.09,-40.09,-0.0,0.0,-0.0,40.09,,
ED2,200136,beam,V-60x80,H35,piso3,2,X,V-1-C'D-piso3,200424,200425,2.42,5.385,11.681,6.546,0.0,-0.0,-0.0,0.0,-169.16,169.16,88.94,-88.94,194.54,-194.54,-0.0,0.0,0.0,-0.0,-0.0,0.0,-95.07,95.07,49.41,-49.41,109.38,-109.38,-0.0,0.0,0.0,-0.0,0.0,-0.0,-16.23,16.23,-271.97,271.97,543.45,-543.45,0.0,-0.0,0.0,-0.0,0.0,-0.0,-245.05,245.05,-3.42,3.42,114.19,-114.19,0.0,-0.0,0.0,-0.0,0.0,-0.0,-462.62,462.62,-108.99,108.99,878.66,-878.66,0.0,-0.0,-0.0,878.66,,
ED2,200137,beam,V-60x80,H35,piso3,2,Y,V-A'-32-piso3,200400,200410,7.25,6.797,4.922,2.758,0.0,-0.0,-0.0,0.0,51.15,-51.15,-104.01,104.01,-198.41,198.41,-0.0,0.0,0.0,-0.0,-0.0,0.0,28.49,-28.49,-58.86,58.86,-109.67,109.67,-0.0,0.0,0.0,-0.0,-0.0,0.0,-19.91,19.91,-12.29,12.29,-23.56,23.56,-0.0,0.0,0.0,-0.0,0.0,-0.0,-2.46,2.46,285.1,-285.1,-101.19,101.19,0.0,-0.0,0.0,-0.0,-0.0,0.0,59.87,-59.87,39.9,-39.9,-405.18,405.18,-0.0,0.0,-0.0,405.18,,
ED2,200138,beam,V-60x80,H35,piso3,2,Y,V-A'-21-piso3,200410,200420,8.9,8.344,4.922,2.758,0.0,-0.0,0.0,-0.0,-45.3,45.3,215.23,-215.23,119.09,-119.09,0.0,-0.0,0.0,-0.0,0.0,-0.0,-25.25,25.25,118.99,-118.99,67.84,-67.84,0.0,-0.0,0.0,-0.0,0.0,-0.0,18.45,-18.45,18.66,-18.66,10.71,-10.71,0.0,-0.0,0.0,-0.0,0.0,-0.0,-13.29,13.29,-2.62,2.62,298.98,-298.98,0.0,-0.0,0.0,-0.0,0.0,-0.0,-63.92,63.92,349.05,-349.05,420.8,-420.8,0.0,-0.0,-0.0,420.8,,
ED2,200139,beam,V-60x80,H35,piso3,2,Y,V-A-32-piso3,200401,200411,7.25,20.391,14.766,8.274,0.0,-0.0,-0.0,0.0,41.54,-41.54,-580.55,580.55,-444.99,444.99,-0.0,0.0,0.0,-0.0,-0.0,0.0,23.15,-23.15,-326.71,326.71,-248.08,248.08,-0.0,0.0,0.0,-0.0,-0.0,0.0,-53.56,53.56,78.2,-78.2,75.89,-75.89,-0.0,0.0,0.0,-0.0,0.0,-0.0,16.21,-16.21,829.64,-829.64,-17.76,17.76,0.0,-0.0,0.0,-0.0,-0.0,0.0,28.64,-28.64,-214.64,214.64,-638.09,638.09,-0.0,0.0,-0.0,638.09,,
ED2,200140,beam,V-60x80,H35,piso3,2,Y,V-A-21-piso3,200411,200421,8.9,25.031,14.766,8.274,0.0,-0.0,0.0,-0.0,-33.54,33.54,439.96,-439.96,573.62,-573.62,0.0,-0.0,0.0,-0.0,0.0,-0.0,-18.66,18.66,245.33,-245.33,324.12,-324.12,0.0,-0.0,0.0,-0.0,0.0,-0.0,44.19,-44.19,-68.15,68.15,-61.04,61.04,0.0,-0.0,0.0,-0.0,0.0,-0.0,5.91,-5.91,115.37,-115.37,806.09,-806.09,0.0,-0.0,0.0,-0.0,0.0,-0.0,-7.99,7.99,710.48,-710.48,1447.38,-1447.38,0.0,-0.0,-0.0,1447.38,,
ED2,200141,beam,V-60x80,H35,piso3,2,Y,V-B-32-piso3,200402,200412,7.25,31.719,22.969,12.871,0.0,-0.0,-0.0,0.0,42.18,-42.18,-841.76,841.76,-613.33,613.33,-0.0,0.0,0.0,-0.0,-0.0,0.0,23.94,-23.94,-473.35,473.35,-341.87,341.87,-0.0,0.0,0.0,-0.0,-0.0,0.0,-84.24,84.24,-15.28,15.28,-15.07,15.07,-0.0,0.0,0.0,-0.0,0.0,-0.0,12.38,-12.38,772.34,-772.34,-73.16,73.16,0.0,-0.0,0.0,-0.0,-0.0,0.0,-0.41,0.41,-749.6,749.6,-1023.62,1023.62,-0.0,0.0,-0.0,1023.62,,
ED2,200142,beam,V-60x80,H35,piso3,2,Y,V-B-21-piso3,200412,200422,8.9,38.938,22.969,12.871,0.0,-0.0,0.0,-0.0,-33.82,33.82,601.82,-601.82,816.09,-816.09,0.0,-0.0,0.0,-0.0,0.0,-0.0,-19.19,19.19,335.46,-335.46,460.15,-460.15,0.0,-0.0,0.0,-0.0,0.0,-0.0,69.11,-69.11,12.11,-12.11,10.75,-10.75,0.0,-0.0,0.0,-0.0,0.0,-0.0,10.27,-10.27,87.73,-87.73,776.3,-776.3,0.0,-0.0,0.0,-0.0,0.0,-0.0,16.9,-16.9,1013.98,-1013.98,1868.14,-1868.14,0.0,-0.0,-0.0,1868.14,,
ED2,200143,beam,V-60x80,H35,piso3,2,Y,V-C-32-piso3,200403,200413,7.25,31.864,23.074,12.93,0.0,-0.0,-0.0,0.0,-23.25,23.25,-867.11,867.11,-639.53,639.53,-0.0,0.0,0.0,-0.0,-0.0,0.0,-12.48,12.48,-487.66,487.66,-356.4,356.4,-0.0,0.0,0.0,-0.0,-0.0,0.0,-95.17,95.17,3.38,-3.38,4.4,-4.4,-0.0,0.0,0.0,-0.0,0.0,-0.0,10.65,-10.65,717.7,-717.7,-53.35,53.35,0.0,-0.0,0.0,-0.0,-0.0,0.0,-113.39,113.39,-813.45,813.45,-1031.98,1031.98,-0.0,0.0,-0.0,1031.98,,
ED2,200144,beam,V-60x80,H35,piso3,2,Y,V-C-21-piso3,200413,200423,8.9,39.115,23.074,12.93,0.0,-0.0,0.0,-0.0,19.54,-19.54,619.42,-619.42,830.37,-830.37,0.0,-0.0,0.0,-0.0,0.0,-0.0,10.52,-10.52,345.21,-345.21,468.14,-468.14,0.0,-0.0,0.0,-0.0,0.0,-0.0,78.06,-78.06,-2.93,2.93,-4.06,4.06,0.0,-0.0,0.0,-0.0,0.0,-0.0,13.18,-13.18,82.6,-82.6,710.84,-710.84,0.0,-0.0,0.0,-0.0,0.0,-0.0,110.21,-110.21,1023.94,-1023.94,1827.98,-1827.98,0.0,-0.0,-0.0,1827.98,,
ED2,200145,beam,V-60x80,H35,piso3,2,Y,V-C'-32-piso3,200404,200414,7.25,18.125,13.125,7.355,0.0,-0.0,-0.0,0.0,-64.52,64.52,-192.43,192.43,-193.15,193.15,-0.0,0.0,0.0,-0.0,-0.0,0.0,-35.99,35.99,-108.44,108.44,-106.89,106.89,-0.0,0.0,0.0,-0.0,-0.0,0.0,13.79,-13.79,-28.11,28.11,-41.18,41.18,-0.0,0.0,0.0,-0.0,0.0,-0.0,-4.09,4.09,335.62,-335.62,-102.93,102.93,0.0,-0.0,0.0,-0.0,-0.0,0.0,-91.17,91.17,-74.45,74.45,-414.31,414.31,-0.0,0.0,-0.0,414.31,,
ED2,200146,beam,V-60x80,H35,piso3,2,Y,V-C'-21-piso3,200414,200424,8.9,22.25,13.125,7.355,0.0,-0.0,0.0,-0.0,51.76,-51.76,190.2,-190.2,215.91,-215.91,0.0,-0.0,0.0,-0.0,0.0,-0.0,28.87,-28.87,105.13,-105.13,122.22,-122.22,0.0,-0.0,0.0,-0.0,0.0,-0.0,-11.31,11.31,37.61,-37.61,22.19,-22.19,0.0,-0.0,0.0,-0.0,0.0,-0.0,-2.06,2.06,0.32,-0.32,350.08,-350.08,0.0,-0.0,0.0,-0.0,0.0,-0.0,68.9,-68.9,329.42,-329.42,620.65,-620.65,0.0,-0.0,-0.0,620.65,,
ED2,200147,beam,V-60x80,H35,piso3,2,Y,V-D-32-piso3,200405,200415,7.25,4.386,3.176,1.78,0.0,-0.0,-0.0,0.0,-76.43,76.43,-240.0,240.0,-226.93,226.93,-0.0,0.0,0.0,-0.0,-0.0,0.0,-42.76,42.76,-135.05,135.05,-125.95,125.95,-0.0,0.0,0.0,-0.0,-0.0,0.0,-70.89,70.89,-10.69,10.69,-9.29,9.29,-0.0,0.0,0.0,-0.0,0.0,-0.0,13.47,-13.47,642.05,-642.05,-25.94,25.94,0.0,-0.0,0.0,-0.0,-0.0,0.0,-172.89,172.89,96.87,-96.87,-380.7,380.7,-0.0,0.0,-0.0,380.7,,
ED2,200148,beam,V-60x80,H35,piso3,2,Y,V-D-21-piso3,200415,200425,8.9,5.385,3.176,1.78,0.0,-0.0,0.0,-0.0,62.82,-62.82,227.97,-227.97,242.43,-242.43,0.0,-0.0,0.0,-0.0,0.0,-0.0,35.17,-35.17,126.61,-126.61,137.57,-137.57,0.0,-0.0,0.0,-0.0,0.0,-0.0,58.32,-58.32,10.36,-10.36,6.48,-6.48,0.0,-0.0,0.0,-0.0,0.0,-0.0,11.06,-11.06,70.57,-70.57,613.86,-613.86,0.0,-0.0,0.0,-0.0,0.0,-0.0,158.78,-158.78,416.84,-416.84,846.22,-846.22,0.0,-0.0,-0.0,846.22,,
ED2,200149,beam,V-60x80,H35,piso4,2,X,V-3-A'A-piso4,200500,200501,3.75,6.797,7.703,5.332,0.0,-0.0,-0.0,0.0,70.03,-70.03,45.11,-45.11,194.75,-194.75,-0.0,0.0,0.0,-0.0,-0.0,0.0,48.11,-48.11,31.38,-31.38,135.23,-135.23,-0.0,0.0,0.0,-0.0,-0.0,0.0,6.89,-6.89,-9.56,9.56,19.21,-19.21,-0.0,0.0,0.0,-0.0,-0.0,0.0,-167.86,167.86,-2.42,2.42,-53.15,53.15,-0.0,0.0,0.0,-0.0,-0.0,0.0,-1.55,1.55,66.07,-66.07,307.4,-307.4,-0.0,0.0,-0.0,307.4,,
ED2,200150,beam,V-60x80,H35,piso4,2,X,V-3-AB-piso4,200501,200502,7.5,13.594,7.703,5.332,0.0,-0.0,0.0,-0.0,-7.9,7.9,-113.92,113.92,-14.53,14.53,0.0,-0.0,0.0,-0.0,0.0,-0.0,-5.84,5.84,-76.41,76.41,-7.03,7.03,0.0,-0.0,0.0,-0.0,0.0,-0.0,-1.27,1.27,307.73,-307.73,280.48,-280.48,0.0,-0.0,0.0,-0.0,0.0,-0.0,-0.15,0.15,-40.78,40.78,-43.27,43.27,0.0,-0.0,0.0,-0.0,0.0,-0.0,-14.99,14.99,56.03,-56.03,198.42,-198.42,0.0,-0.0,-0.0,198.42,,
ED2,200151,beam,V-60x80,H35,piso4,2,X,V-3-BC-piso4,200502,200503,10.0,18.125,7.703,5.332,0.0,-0.0,0.0,-0.0,-1.47,1.47,-90.24,90.24,34.18,-34.18,0.0,-0.0,0.0,-0.0,0.0,-0.0,-1.12,1.12,-59.21,59.21,27.09,-27.09,0.0,-0.0,0.0,-0.0,0.0,-0.0,-0.08,0.08,246.52,-246.52,248.12,-248.12,0.0,-0.0,0.0,-0.0,0.0,-0.0,10.4,-10.4,-35.51,35.51,-37.32,37.32,0.0,-0.0,0.0,-0.0,0.0,-0.0,5.14,-5.14,45.79,-45.79,256.59,-256.59,0.0,-0.0,-0.0,256.59,,
ED2,200152,beam,V-60x80,H35,piso4,2,X,V-3-CC'-piso4,200503,200504,7.58,13.739,7.703,5.332,0.0,-0.0,-0.0,0.0,-17.18,17.18,-158.93,158.93,-136.63,136.63,-0.0,0.0,0.0,-0.0,-0.0,0.0,-11.13,11.13,-109.7,109.7,-95.2,95.2,-0.0,0.0,0.0,-0.0,-0.0,0.0,-3.91,3.91,245.17,-245.17,143.24,-143.24,-0.0,0.0,0.0,-0.0,0.0,-0.0,63.12,-63.12,-24.07,24.07,-5.06,5.06,0.0,-0.0,0.0,-0.0,0.0,-0.0,15.5,-15.5,-66.03,66.03,-106.7,106.7,0.0,-0.0,-0.0,106.7,,
ED2,200153,beam,V-60x80,H35,piso4,2,X,V-3-C'D-piso4,200504,200505,2.42,4.386,7.703,5.332,0.0,-0.0,-0.0,0.0,123.07,-123.07,81.59,-81.59,116.46,-116.46,-0.0,0.0,0.0,-0.0,0.0,-0.0,85.53,-85.53,56.91,-56.91,80.36,-80.36,0.0,-0.0,0.0,-0.0,0.0,-0.0,10.67,-10.67,-137.17,137.17,273.41,-273.41,0.0,-0.0,0.0,-0.0,-0.0,0.0,-131.16,131.16,3.06,-3.06,-57.13,57.13,-0.0,0.0,0.0,-0.0,-0.0,0.0,119.83,-119.83,17.35,-17.35,400.04,-400.04,-0.0,0.0,-0.0,400.04,,
ED2,200154,beam,V-60x80,H35,piso4,2,X,V-2-A'A-piso4,200510,200511,3.75,15.141,17.159,11.878,0.0,-0.0,-0.0,0.0,-13.38,13.38,-75.62,75.62,68.13,-68.13,-0.0,0.0,0.0,-0.0,-0.0,0.0,-9.42,9.42,-52.56,52.56,46.77,-46.77,-0.0,0.0,0.0,-0.0,-0.0,0.0,2.24,-2.24,15.79,-15.79,-29.54,29.54,-0.0,0.0,0.0,-0.0,-0.0,0.0,61.22,-61.22,-5.6,5.6,-9.43,9.43,-0.0,0.0,0.0,-0.0,-0.0,0.0,25.13,-25.13,-118.16,118.16,81.24,-81.24,-0.0,0.0,-0.0,81.24,,
ED2,200155,beam,V-60x80,H35,piso4,2,X,V-2-AB-piso4,200511,200512,7.5,30.281,17.159,11.878,0.0,-0.0,0.0,-0.0,-9.55,9.55,-129.93,129.93,46.27,-46.27,0.0,-0.0,0.0,-0.0,0.0,-0.0,-6.66,6.66,-89.69,89.69,31.9,-31.9,0.0,-0.0,0.0,-0.0,0.0,-0.0,-1.12,1.12,61.28,-61.28,6.19,-6.19,0.0,-0.0,0.0,-0.0,0.0,-0.0,5.43,-5.43,3.54,-3.54,-2.55,2.55,0.0,-0.0,0.0,-0.0,0.0,-0.0,-13.14,13.14,-161.82,161.82,81.83,-81.83,0.0,-0.0,-0.0,81.83,,
ED2,200156,beam,V-60x80,H35,piso4,2,X,V-2-BC-piso4,200512,200513,10.0,40.375,17.159,11.878,0.0,-0.0,0.0,-0.0,-0.23,0.23,-110.06,110.06,77.08,-77.08,0.0,-0.0,0.0,-0.0,0.0,-0.0,-0.15,0.15,-75.61,75.61,53.75,-53.75,0.0,-0.0,0.0,-0.0,0.0,-0.0,-0.12,0.12,42.42,-42.42,32.71,-32.71,0.0,-0.0,0.0,-0.0,0.0,-0.0,-5.33,5.33,1.48,-1.48,-1.63,1.63,0.0,-0.0,0.0,-0.0,0.0,-0.0,-4.49,4.49,-146.38,146.38,159.05,-159.05,0.0,-0.0,-0.0,159.05,,
ED2,200157,beam,V-60x80,H35,piso4,2,X,V-2-CC'-piso4,200513,200514,7.58,30.604,17.159,11.878,0.0,-0.0,-0.0,0.0,16.19,-16.19,-24.27,24.27,18.31,-18.31,-0.0,0.0,0.0,-0.0,-0.0,0.0,11.34,-11.34,-16.45,16.45,12.98,-12.98,-0.0,0.0,0.0,-0.0,-0.0,0.0,-0.63,0.63,25.83,-25.83,37.54,-37.54,-0.0,0.0,0.0,-0.0,0.0,-0.0,-24.14,24.14,3.16,-3.16,5.19,-5.19,0.0,-0.0,0.0,-0.0,0.0,-0.0,8.86,-8.86,-15.11,15.11,68.96,-68.96,0.0,-0.0,-0.0,68.96,,
ED2,200158,beam,V-60x80,H35,piso4,2,X,V-2-C'D-piso4,200514,200515,2.42,9.771,17.159,11.878,0.0,-0.0,-0.0,0.0,18.47,-18.47,92.11,-92.11,101.63,-101.63,-0.0,0.0,0.0,-0.0,0.0,-0.0,12.74,-12.74,63.7,-63.7,70.43,-70.43,0.0,-0.0,0.0,-0.0,0.0,-0.0,1.18,-1.18,-55.54,55.54,61.37,-61.37,0.0,-0.0,0.0,-0.0,-0.0,0.0,34.47,-34.47,-4.99,4.99,-1.05,1.05,-0.0,0.0,0.0,-0.0,-0.0,0.0,58.12,-58.12,102.08,-102.08,226.5,-226.5,-0.0,0.0,-0.0,226.5,,
ED2,200159,beam,V-60x80,H35,piso4,2,X,V-1-A'A-piso4,200520,200521,3.75,8.344,9.456,6.546,0.0,-0.0,-0.0,0.0,-83.38,83.38,40.15,-40.15,211.39,-211.39,-0.0,0.0,0.0,-0.0,-0.0,0.0,-56.46,56.46,27.89,-27.89,146.38,-146.38,-0.0,0.0,0.0,-0.0,-0.0,0.0,-5.93,5.93,-8.98,8.98,15.47,-15.47,-0.0,0.0,0.0,-0.0,-0.0,0.0,-176.12,176.12,8.99,-8.99,64.22,-64.22,-0.0,0.0,0.0,-0.0,-0.0,0.0,-277.27,277.27,66.71,-66.71,419.85,-419.85,-0.0,0.0,-0.0,419.85,,
ED2,200160,beam,V-60x80,H35,piso4,2,X,V-1-AB-piso4,200521,200522,7.5,16.688,9.456,6.546,0.0,-0.0,0.0,-0.0,7.08,-7.08,-121.64,121.64,-4.13,4.13,0.0,-0.0,0.0,-0.0,0.0,-0.0,5.24,-5.24,-82.05,82.05,-0.08,0.08,0.0,-0.0,0.0,-0.0,0.0,-0.0,1.17,-1.17,311.72,-311.72,284.09,-284.09,0.0,-0.0,0.0,-0.0,0.0,-0.0,0.2,-0.2,38.31,-38.31,41.61,-41.61,0.0,-0.0,0.0,-0.0,0.0,-0.0,13.54,-13.54,105.59,-105.59,282.68,-282.68,0.0,-0.0,-0.0,282.68,,
ED2,200161,beam,V-60x80,H35,piso4,2,X,V-1-BC-piso4,200522,200523,10.0,22.25,9.456,6.546,0.0,-0.0,0.0,-0.0,2.07,-2.07,-101.97,101.97,51.9,-51.9,0.0,-0.0,0.0,-0.0,0.0,-0.0,1.47,-1.47,-67.49,67.49,39.18,-39.18,0.0,-0.0,0.0,-0.0,0.0,-0.0,0.27,-0.27,248.14,-248.14,249.91,-249.91,0.0,-0.0,0.0,-0.0,0.0,-0.0,10.29,-10.29,34.86,-34.86,36.59,-36.59,0.0,-0.0,0.0,-0.0,0.0,-0.0,11.5,-11.5,80.02,-80.02,343.44,-343.44,0.0,-0.0,-0.0,343.44,,
ED2,200162,beam,V-60x80,H35,piso4,2,X,V-1-CC'-piso4,200523,200524,7.58,16.866,9.456,6.546,0.0,-0.0,-0.0,0.0,24.92,-24.92,-169.69,169.69,-133.64,133.64,-0.0,0.0,0.0,-0.0,-0.0,0.0,16.22,-16.22,-117.18,117.18,-93.09,93.09,-0.0,0.0,0.0,-0.0,-0.0,0.0,3.28,-3.28,248.25,-248.25,145.3,-145.3,-0.0,0.0,0.0,-0.0,0.0,-0.0,65.64,-65.64,20.03,-20.03,0.09,-0.09,0.0,-0.0,0.0,-0.0,0.0,-0.0,93.31,-93.31,-48.42,48.42,-95.89,95.89,0.0,-0.0,-0.0,95.89,,
ED2,200163,beam,V-60x80,H35,piso4,2,X,V-1-C'D-piso4,200524,200525,2.42,5.385,9.456,6.546,0.0,-0.0,-0.0,0.0,-135.74,135.74,89.41,-89.41,133.85,-133.85,-0.0,0.0,0.0,-0.0,0.0,-0.0,-93.56,93.56,62.32,-62.32,92.12,-92.12,0.0,-0.0,0.0,-0.0,0.0,-0.0,-8.19,8.19,-140.31,140.31,274.57,-274.57,0.0,-0.0,0.0,-0.0,-0.0,0.0,-136.86,136.86,0.44,-0.44,61.06,-61.06,-0.0,0.0,0.0,-0.0,-0.0,0.0,-339.31,339.31,25.78,-25.78,518.88,-518.88,-0.0,0.0,-0.0,518.88,,
ED2,200164,beam,V-60x80,H35,piso4,2,Y,V-A'-32-piso4,200500,200510,7.25,6.797,3.984,2.758,0.0,-0.0,0.0,-0.0,45.11,-45.11,-70.03,70.03,-184.27,184.27,0.0,-0.0,0.0,-0.0,-0.0,0.0,31.38,-31.38,-48.11,48.11,-129.01,129.01,-0.0,0.0,0.0,-0.0,0.0,-0.0,-9.56,9.56,-6.89,6.89,-11.76,11.76,0.0,-0.0,0.0,-0.0,0.0,-0.0,-2.42,2.42,167.86,-167.86,-60.43,60.43,0.0,-0.0,0.0,-0.0,0.0,-0.0,66.07,-66.07,1.55,-1.55,-369.19,369.19,0.0,-0.0,-0.0,369.19,,
ED2,200165,beam,V-60x80,H35,piso4,2,Y,V-A'-21-piso4,200510,200520,8.9,8.344,3.984,2.758,0.0,-0.0,-0.0,0.0,-40.15,40.15,197.99,-197.99,83.38,-83.38,-0.0,0.0,0.0,-0.0,0.0,-0.0,-27.89,27.89,138.67,-138.67,56.46,-56.46,0.0,-0.0,0.0,-0.0,-0.0,0.0,8.98,-8.98,9.47,-9.47,5.93,-5.93,-0.0,0.0,0.0,-0.0,0.0,-0.0,-8.99,8.99,-2.36,2.36,176.12,-176.12,0.0,-0.0,0.0,-0.0,-0.0,0.0,-66.71,66.71,343.41,-343.41,277.27,-277.27,-0.0,0.0,-0.0,277.27,,
ED2,200166,beam,V-60x80,H35,piso4,2,Y,V-A-32-piso4,200501,200511,7.25,20.391,11.953,8.274,0.0,-0.0,0.0,-0.0,38.82,-38.82,-439.5,439.5,-384.38,384.38,0.0,-0.0,0.0,-0.0,-0.0,0.0,26.92,-26.92,-303.33,303.33,-267.23,267.23,-0.0,0.0,0.0,-0.0,0.0,-0.0,-26.17,26.17,34.84,-34.84,35.52,-35.52,0.0,-0.0,0.0,-0.0,0.0,-0.0,8.09,-8.09,490.78,-490.78,-10.95,10.95,0.0,-0.0,0.0,-0.0,0.0,-0.0,48.26,-48.26,-343.39,343.39,-627.85,627.85,0.0,-0.0,-0.0,627.85,,
ED2,200167,beam,V-60x80,H35,piso4,2,Y,V-A-21-piso4,200511,200521,8.9,25.031,11.953,8.274,0.0,-0.0,-0.0,0.0,-31.83,31.83,380.46,-380.46,439.13,-439.13,-0.0,0.0,0.0,-0.0,0.0,-0.0,-22.11,22.11,264.4,-264.4,300.75,-300.75,0.0,-0.0,0.0,-0.0,-0.0,0.0,21.72,-21.72,-32.09,32.09,-27.69,27.69,-0.0,0.0,0.0,-0.0,0.0,-0.0,1.79,-1.79,68.17,-68.17,477.43,-477.43,0.0,-0.0,0.0,-0.0,-0.0,0.0,-33.06,33.06,667.1,-667.1,1073.03,-1073.03,-0.0,0.0,-0.0,1073.03,,
ED2,200168,beam,V-60x80,H35,piso4,2,Y,V-B-32-piso4,200502,200512,7.25,31.719,18.594,12.871,0.0,-0.0,0.0,-0.0,33.51,-33.51,-643.14,643.14,-525.9,525.9,0.0,-0.0,0.0,-0.0,-0.0,0.0,22.82,-22.82,-444.07,444.07,-365.74,365.74,-0.0,0.0,0.0,-0.0,0.0,-0.0,-38.65,38.65,-2.94,2.94,-2.63,2.63,0.0,-0.0,0.0,-0.0,0.0,-0.0,6.48,-6.48,471.83,-471.83,-43.21,43.21,0.0,-0.0,0.0,-0.0,0.0,-0.0,26.4,-26.4,-735.98,735.98,-926.42,926.42,0.0,-0.0,-0.0,926.42,,
ED2,200169,beam,V-60x80,H35,piso4,2,Y,V-B-21-piso4,200512,200522,8.9,38.938,18.594,12.871,0.0,-0.0,-0.0,0.0,-26.89,26.89,516.34,-516.34,630.33,-630.33,-0.0,0.0,0.0,-0.0,0.0,-0.0,-18.33,18.33,359.07,-359.07,432.96,-432.96,0.0,-0.0,0.0,-0.0,-0.0,0.0,31.75,-31.75,1.61,-1.61,1.57,-1.57,-0.0,0.0,0.0,-0.0,0.0,-0.0,5.21,-5.21,54.25,-54.25,473.68,-473.68,0.0,-0.0,0.0,-0.0,-0.0,0.0,-12.74,12.74,917.55,-917.55,1419.96,-1419.96,-0.0,0.0,-0.0,1419.96,,
ED2,200170,beam,V-60x80,H35,piso4,2,Y,V-C-32-piso4,200503,200513,7.25,31.864,18.679,12.93,0.0,-0.0,0.0,-0.0,-23.2,23.2,-660.77,660.77,-546.74,546.74,0.0,-0.0,0.0,-0.0,-0.0,0.0,-16.65,16.65,-456.37,456.37,-380.61,380.61,-0.0,0.0,0.0,-0.0,0.0,-0.0,-45.41,45.41,0.28,-0.28,0.72,-0.72,0.0,-0.0,0.0,-0.0,0.0,-0.0,5.7,-5.7,433.56,-433.56,-31.4,31.4,0.0,-0.0,0.0,-0.0,0.0,-0.0,-76.44,76.44,-791.72,791.72,-950.25,950.25,0.0,-0.0,-0.0,950.25,,
ED2,200171,beam,V-60x80,H35,piso4,2,Y,V-C-21-piso4,200513,200523,8.9,39.115,18.679,12.93,0.0,-0.0,-0.0,0.0,19.41,-19.41,529.9,-529.9,639.07,-639.07,-0.0,0.0,0.0,-0.0,0.0,-0.0,13.89,-13.89,368.82,-368.82,439.27,-439.27,0.0,-0.0,0.0,-0.0,-0.0,0.0,37.34,-37.34,-0.19,0.19,-1.26,1.26,-0.0,0.0,0.0,-0.0,0.0,-0.0,7.58,-7.58,50.68,-50.68,429.59,-429.59,0.0,-0.0,0.0,-0.0,-0.0,0.0,72.59,-72.59,936.56,-936.56,1399.4,-1399.4,-0.0,0.0,-0.0,1399.4,,
ED2,200172,beam,V-60x80,H35,piso4,2,Y,V-C'-32-piso4,200504,200514,7.25,18.125,10.625,7.355,0.0,-0.0,0.0,-0.0,-55.04,55.04,-140.25,140.25,-177.29,177.29,0.0,-0.0,0.0,-0.0,-0.0,0.0,-38.29,38.29,-96.66,96.66,-123.96,123.96,-0.0,0.0,0.0,-0.0,0.0,-0.0,6.07,-6.07,-14.58,14.58,-22.07,22.07,0.0,-0.0,0.0,-0.0,0.0,-0.0,-1.99,1.99,194.28,-194.28,-60.16,60.16,0.0,-0.0,0.0,-0.0,0.0,-0.0,-89.36,89.36,-104.33,104.33,-366.22,366.22,0.0,-0.0,-0.0,366.22,,
ED2,200173,beam,V-60x80,H35,piso4,2,Y,V-C'-21-piso4,200514,200524,8.9,22.25,10.625,7.355,0.0,-0.0,-0.0,0.0,44.23,-44.23,174.95,-174.95,160.65,-160.65,-0.0,0.0,0.0,-0.0,0.0,-0.0,30.77,-30.77,122.52,-122.52,109.77,-109.77,0.0,-0.0,0.0,-0.0,-0.0,0.0,-4.98,4.98,20.21,-20.21,11.47,-11.47,-0.0,0.0,0.0,-0.0,0.0,-0.0,-0.53,0.53,0.05,-0.05,202.5,-202.5,0.0,-0.0,0.0,-0.0,-0.0,0.0,70.12,-70.12,315.7,-315.7,432.63,-432.63,-0.0,0.0,-0.0,432.63,,
ED2,200174,beam,V-60x80,H35,piso4,2,Y,V-D-32-piso4,200505,200515,7.25,4.386,2.571,1.78,0.0,-0.0,0.0,-0.0,-60.04,60.04,-176.06,176.06,-203.08,203.08,0.0,-0.0,0.0,-0.0,-0.0,0.0,-41.63,41.63,-121.66,121.66,-141.72,141.72,-0.0,0.0,0.0,-0.0,0.0,-0.0,-36.41,36.41,-4.15,4.15,-4.32,4.32,0.0,-0.0,0.0,-0.0,0.0,-0.0,7.28,-7.28,366.34,-366.34,-15.68,15.68,0.0,-0.0,0.0,-0.0,0.0,-0.0,-128.97,128.97,-26.7,26.7,-360.46,360.46,0.0,-0.0,-0.0,360.46,,
ED2,200175,beam,V-60x80,H35,piso4,2,Y,V-D-21-piso4,200515,200525,8.9,5.385,2.571,1.78,0.0,-0.0,-0.0,0.0,49.23,-49.23,203.23,-203.23,179.37,-179.37,-0.0,0.0,0.0,-0.0,0.0,-0.0,34.1,-34.1,141.73,-141.73,122.09,-122.09,0.0,-0.0,0.0,-0.0,-0.0,0.0,30.13,-30.13,4.95,-4.95,2.09,-2.09,-0.0,0.0,0.0,-0.0,0.0,-0.0,6.15,-6.15,39.87,-39.87,349.84,-349.84,0.0,-0.0,0.0,-0.0,-0.0,0.0,115.06,-115.06,379.32,-379.32,565.72,-565.72,-0.0,0.0,-0.0,565.72,,
ED2,200176,wall,M-20,H35,sub1,1,Y,MURO-D-sub1,200105,200115,7.25,0.0,0.0,0.0,0.0,-0.0,-0.0,0.0,-1.97,1.97,-75.75,75.75,-83.07,83.07,-0.0,0.0,0.0,-0.0,0.0,-0.0,-1.1,1.1,-42.44,42.44,-46.56,46.56,0.0,-0.0,0.0,-0.0,0.0,-0.0,-4.15,4.15,-7.44,7.44,-7.47,7.47,0.0,-0.0,0.0,-0.0,0.0,-0.0,0.56,-0.56,374.96,-374.96,-15.11,15.11,0.0,-0.0,0.0,-0.0,0.0,-0.0,-6.39,6.39,156.34,-156.34,-147.68,147.68,0.0,-0.0,-0.0,147.68,1368.0,0.108
ED2,200177,wall,M-20,H35,sub1,1,Y,MURO-D-sub1,200115,200125,8.9,0.0,0.0,0.0,0.0,-0.0,-0.0,0.0,1.61,-1.61,105.05,-105.05,85.84,-85.84,-0.0,0.0,0.0,-0.0,0.0,-0.0,0.9,-0.9,58.88,-58.88,48.1,-48.1,0.0,-0.0,0.0,-0.0,-0.0,0.0,3.41,-3.41,10.19,-10.19,6.45,-6.45,-0.0,0.0,0.0,-0.0,0.0,-0.0,0.45,-0.45,50.74,-50.74,439.91,-439.91,0.0,-0.0,0.0,-0.0,-0.0,0.0,5.92,-5.92,211.15,-211.15,469.68,-469.68,-0.0,0.0,-0.0,469.68,1368.0,0.343
ED2,200178,wall,M-20,H35,piso1,1,Y,MURO-D-piso1,200205,200215,7.25,0.0,0.0,0.0,0.0,-0.0,-0.0,0.0,-1.95,1.95,-75.56,75.56,-81.49,81.49,-0.0,0.0,0.0,-0.0,0.0,-0.0,-1.09,1.09,-42.35,42.35,-45.65,45.65,0.0,-0.0,0.0,-0.0,0.0,-0.0,-3.96,3.96,-7.68,7.68,-7.08,7.08,0.0,-0.0,0.0,-0.0,0.0,-0.0,0.62,-0.62,404.91,-404.91,-16.27,16.27,0.0,-0.0,0.0,-0.0,-0.0,0.0,-6.13,6.13,178.85,-178.85,-145.71,145.71,-0.0,0.0,-0.0,145.71,1368.0,0.107
ED2,200179,wall,M-20,H35,piso1,1,Y,MURO-D-piso1,200215,200225,8.9,0.0,0.0,0.0,0.0,-0.0,0.0,-0.0,1.6,-1.6,103.31,-103.31,89.72,-89.72,0.0,-0.0,0.0,-0.0,-0.0,0.0,0.9,-0.9,57.87,-57.87,50.34,-50.34,-0.0,0.0,0.0,-0.0,0.0,-0.0,3.25,-3.25,9.63,-9.63,6.16,-6.16,0.0,-0.0,0.0,-0.0,-0.0,0.0,0.51,-0.51,54.78,-54.78,475.14,-475.14,-0.0,0.0,0.0,-0.0,0.0,-0.0,5.8,-5.8,210.94,-210.94,501.96,-501.96,0.0,-0.0,-0.0,501.96,1368.0,0.367
ED2,200180,wall,M-20,H35,piso2,1,Y,MURO-D-piso2,200305,200315,7.25,0.0,0.0,0.0,0.0,-0.0,0.0,-0.0,-1.95,1.95,-74.5,74.5,-82.31,82.31,0.0,-0.0,0.0,-0.0,0.0,-0.0,-1.09,1.09,-41.6,41.6,-46.24,46.24,0.0,-0.0,0.0,-0.0,-0.0,0.0,-2.96,2.96,-5.7,5.7,-5.23,5.23,-0.0,0.0,0.0,-0.0,0.0,-0.0,0.5,-0.5,322.7,-322.7,-13.03,13.03,0.0,-0.0,0.0,-0.0,-0.0,0.0,-5.33,5.33,120.79,-120.79,-143.01,143.01,-0.0,0.0,-0.0,143.01,1368.0,0.105
ED2,200181,wall,M-20,H35,piso2,1,Y,MURO-D-piso2,200315,200325,8.9,0.0,0.0,0.0,0.0,-0.0,-0.0,0.0,1.6,-1.6,104.31,-104.31,89.42,-89.42,-0.0,0.0,0.0,-0.0,-0.0,0.0,0.9,-0.9,58.59,-58.59,50.06,-50.06,-0.0,0.0,0.0,-0.0,0.0,-0.0,2.44,-2.44,7.12,-7.12,4.41,-4.41,0.0,-0.0,0.0,-0.0,0.0,-0.0,0.41,-0.41,43.6,-43.6,378.66,-378.66,0.0,-0.0,0.0,-0.0,0.0,-0.0,5.0,-5.0,202.01,-202.01,427.44,-427.44,0.0,-0.0,-0.0,427.44,1368.0,0.312
ED2,200182,wall,M-20,H35,piso3,2,Y,MURO-D-piso3,200405,200415,7.25,0.0,0.0,0.0,0.0,-0.0,-0.0,0.0,-1.96,1.96,-75.89,75.89,-80.84,80.84,-0.0,0.0,0.0,-0.0,-0.0,0.0,-1.1,1.1,-42.71,42.71,-44.89,44.89,-0.0,0.0,0.0,-0.0,-0.0,0.0,-1.82,1.82,-3.59,3.59,-3.12,3.12,-0.0,0.0,0.0,-0.0,0.0,-0.0,0.35,-0.35,215.5,-215.5,-8.71,8.71,0.0,-0.0,0.0,-0.0,-0.0,0.0,-4.43,4.43,39.8,-39.8,-135.07,135.07,-0.0,0.0,-0.0,135.07,1368.0,0.099
ED2,200183,wall,M-20,H35,piso3,2,Y,MURO-D-piso3,200415,200425,8.9,0.0,0.0,0.0,0.0,-0.0,0.0,-0.0,1.61,-1.61,102.57,-102.57,91.25,-91.25,0.0,-0.0,0.0,-0.0,0.0,-0.0,0.9,-0.9,57.01,-57.01,51.84,-51.84,0.0,-0.0,0.0,-0.0,0.0,-0.0,1.5,-1.5,4.27,-4.27,2.67,-2.67,0.0,-0.0,0.0,-0.0,0.0,-0.0,0.28,-0.28,29.08,-29.08,252.93,-252.93,0.0,-0.0,0.0,-0.0,0.0,-0.0,4.07,-4.07,185.23,-185.23,335.19,-335.19,0.0,-0.0,-0.0,335.19,1368.0,0.245
ED2,200184,wall,M-20,H35,piso4,2,Y,MURO-D-piso4,200505,200515,7.25,0.0,0.0,0.0,0.0,-0.0,0.0,-0.0,-1.54,1.54,-55.32,55.32,-71.94,71.94,0.0,-0.0,0.0,-0.0,-0.0,0.0,-1.07,1.07,-38.22,38.22,-50.19,50.19,-0.0,0.0,0.0,-0.0,0.0,-0.0,-0.93,0.93,-1.39,1.39,-1.45,1.45,0.0,-0.0,0.0,-0.0,0.0,-0.0,0.19,-0.19,122.96,-122.96,-5.26,5.26,0.0,-0.0,0.0,-0.0,0.0,-0.0,-3.31,3.31,-2.56,2.56,-127.38,127.38,0.0,-0.0,-0.0,127.38,1368.0,0.093
ED2,200185,wall,M-20,H35,piso4,2,Y,MURO-D-piso4,200515,200525,8.9,0.0,0.0,0.0,0.0,-0.0,-0.0,0.0,1.26,-1.26,90.73,-90.73,66.91,-66.91,-0.0,0.0,0.0,-0.0,0.0,-0.0,0.87,-0.87,63.24,-63.24,45.46,-45.46,0.0,-0.0,0.0,-0.0,-0.0,0.0,0.77,-0.77,2.04,-2.04,0.86,-0.86,-0.0,0.0,0.0,-0.0,0.0,-0.0,0.16,-0.16,16.43,-16.43,144.15,-144.15,0.0,-0.0,0.0,-0.0,-0.0,0.0,2.95,-2.95,168.13,-168.13,221.26,-221.26,-0.0,0.0,-0.0,221.26,1368.0,0.162
ED2,200186,wall,M-20,H35,sub1,1,X,MURO-2-sub1,200110,200111,3.75,0.0,0.0,0.0,0.0,-0.0,0.0,-0.0,-0.45,0.45,-10.78,10.78,10.26,-10.26,0.0,-0.0,0.0,-0.0,-0.0,0.0,-0.25,0.25,-6.04,6.04,5.75,-5.75,-0.0,0.0,0.0,-0.0,-0.0,0.0,0.28,-0.28,13.36,-13.36,-23.64,23.64,-0.0,0.0,0.0,-0.0,0.0,-0.0,4.55,-4.55,-2.8,2.8,-4.87,4.87,0.0,-0.0,0.0,-0.0,0.0,-0.0,2.97,-2.97,-6.9,6.9,-8.91,8.91,0.0,-0.0,-0.0,8.91,1368.0,0.007
ED2,200187,wall,M-20,H35,sub1,1,X,MURO-2-sub1,200111,200112,7.5,0.0,0.0,0.0,0.0,-0.0,0.0,-0.0,-0.3,0.3,-18.1,18.1,-13.52,13.52,0.0,-0.0,0.0,-0.0,0.0,-0.0,-0.17,0.17,-10.15,10.15,-7.58,7.58,0.0,-0.0,0.0,-0.0,0.0,-0.0,-0.19,0.19,100.02,-100.02,28.11,-28.11,0.0,-0.0,0.0,-0.0,-0.0,0.0,0.31,-0.31,3.88,-3.88,-2.23,2.23,-0.0,0.0,0.0,-0.0,-0.0,0.0,-0.41,0.41,64.68,-64.68,2.53,-2.53,-0.0,0.0,-0.0,2.53,1368.0,0.002
ED2,200188,wall,M-20,H35,sub1,1,X,MURO-2-sub1,200112,200113,10.0,0.0,0.0,0.0,0.0,-0.0,-0.0,0.0,-0.01,0.01,18.73,-18.73,-33.57,33.57,-0.0,0.0,0.0,-0.0,-0.0,0.0,-0.0,0.0,10.49,-10.49,-18.83,18.83,-0.0,0.0,0.0,-0.0,0.0,-0.0,0.03,-0.03,71.35,-71.35,60.35,-60.35,0.0,-0.0,0.0,-0.0,0.0,-0.0,-0.37,0.37,1.68,-1.68,-1.99,1.99,0.0,-0.0,0.0,-0.0,0.0,-0.0,-0.26,0.26,94.69,-94.69,0.42,-0.42,0.0,-0.0,-0.0,0.42,1368.0,0.0
ED2,200189,wall,M-20,H35,sub1,1,X,MURO-2-sub1,200113,200114,7.58,0.0,0.0,0.0,0.0,-0.0,0.0,-0.0,0.52,-0.52,20.93,-20.93,-27.3,27.3,0.0,-0.0,0.0,-0.0,0.0,-0.0,0.29,-0.29,11.75,-11.75,-15.3,15.3,0.0,-0.0,0.0,-0.0,0.0,-0.0,-0.09,0.09,48.45,-48.45,54.8,-54.8,0.0,-0.0,0.0,-0.0,-0.0,0.0,-1.63,1.63,2.89,-2.89,5.23,-5.23,-0.0,0.0,0.0,-0.0,-0.0,0.0,-0.5,0.5,78.45,-78.45,10.65,-10.65,-0.0,0.0,-0.0,10.65,1368.0,0.008
ED2,200190,wall,M-20,H35,sub1,1,X,MURO-2-sub1,200114,200115,2.42,0.0,0.0,0.0,0.0,-0.0,0.0,-0.0,0.56,-0.56,13.31,-13.31,13.36,-13.36,0.0,-0.0,0.0,-0.0,-0.0,0.0,0.31,-0.31,7.46,-7.46,7.49,-7.49,-0.0,0.0,0.0,-0.0,-0.0,0.0,0.13,-0.13,-26.93,26.93,30.48,-30.48,-0.0,0.0,0.0,-0.0,-0.0,0.0,2.84,-2.84,-1.67,1.67,-0.42,0.42,-0.0,0.0,0.0,-0.0,-0.0,0.0,3.12,-3.12,-4.72,4.72,47.97,-47.97,-0.0,0.0,-0.0,47.97,1368.0,0.035
ED2,200191,wall,M-20,H35,piso1,1,X,MURO-2-piso1,200210,200211,3.75,0.0,0.0,0.0,0.0,-0.0,0.0,-0.0,-0.43,0.43,-10.67,10.67,10.59,-10.59,0.0,-0.0,0.0,-0.0,0.0,-0.0,-0.24,0.24,-5.98,5.98,5.94,-5.94,0.0,-0.0,0.0,-0.0,0.0,-0.0,0.27,-0.27,12.75,-12.75,-22.62,22.62,0.0,-0.0,0.0,-0.0,0.0,-0.0,4.88,-4.88,-3.01,3.01,-5.25,5.25,0.0,-0.0,0.0,-0.0,0.0,-0.0,3.24,-3.24,-7.43,7.43,-7.76,7.76,0.0,-0.0,-0.0,7.76,1368.0,0.006
ED2,200192,wall,M-20,H35,piso1,1,X,MURO-2-piso1,200211,200212,7.5,0.0,0.0,0.0,0.0,-0.0,0.0,-0.0,-0.3,0.3,-18.69,18.69,-13.53,13.53,0.0,-0.0,0.0,-0.0,-0.0,0.0,-0.17,0.17,-10.48,10.48,-7.57,7.57,-0.0,0.0,0.0,-0.0,0.0,-0.0,-0.18,0.18,95.6,-95.6,26.97,-26.97,0.0,-0.0,0.0,-0.0,-0.0,0.0,0.31,-0.31,4.19,-4.19,-2.34,2.34,-0.0,0.0,0.0,-0.0,-0.0,0.0,-0.39,0.39,60.02,-60.02,1.42,-1.42,-0.0,0.0,-0.0,1.42,1368.0,0.001
ED2,200193,wall,M-20,H35,piso1,1,X,MURO-2-piso1,200212,200213,10.0,0.0,0.0,0.0,0.0,-0.0,-0.0,0.0,-0.01,0.01,17.46,-17.46,-34.31,34.31,-0.0,0.0,0.0,-0.0,-0.0,0.0,-0.0,0.0,9.76,-9.76,-19.26,19.26,-0.0,0.0,0.0,-0.0,0.0,-0.0,0.02,-0.02,70.92,-70.92,59.81,-59.81,0.0,-0.0,0.0,-0.0,0.0,-0.0,-0.4,0.4,1.68,-1.68,-2.18,2.18,0.0,-0.0,0.0,-0.0,0.0,-0.0,-0.29,0.29,92.31,-92.31,-1.37,1.37,0.0,-0.0,-0.0,1.37,1368.0,0.001
ED2,200194,wall,M-20,H35,piso1,1,X,MURO-2-piso1,200213,200214,7.58,0.0,0.0,0.0,0.0,-0.0,0.0,-0.0,0.5,-0.5,20.11,-20.11,-27.79,27.79,0.0,-0.0,0.0,-0.0,0.0,-0.0,0.28,-0.28,11.29,-11.29,-15.58,15.58,0.0,-0.0,0.0,-0.0,0.0,-0.0,-0.08,0.08,46.54,-46.54,51.77,-51.77,0.0,-0.0,0.0,-0.0,0.0,-0.0,-1.74,1.74,3.07,-3.07,5.59,-5.59,0.0,-0.0,0.0,-0.0,0.0,-0.0,-0.6,0.6,75.58,-75.58,7.42,-7.42,0.0,-0.0,-0.0,7.42,1368.0,0.005
ED2,200195,wall,M-20,H35,piso1,1,X,MURO-2-piso1,200214,200215,2.42,0.0,0.0,0.0,0.0,-0.0,0.0,-0.0,0.57,-0.57,13.39,-13.39,13.24,-13.24,0.0,-0.0,0.0,-0.0,-0.0,0.0,0.32,-0.32,7.5,-7.5,7.42,-7.42,-0.0,0.0,0.0,-0.0,-0.0,0.0,0.12,-0.12,-25.6,25.6,29.05,-29.05,-0.0,0.0,0.0,-0.0,0.0,-0.0,3.08,-3.08,-1.79,1.79,-0.47,0.47,0.0,-0.0,0.0,-0.0,0.0,-0.0,3.3,-3.3,-3.49,3.49,46.46,-46.46,0.0,-0.0,-0.0,46.46,1368.0,0.034
ED2,200196,wall,M-20,H35,piso2,1,X,MURO-2-piso2,200310,200311,3.75,0.0,0.0,0.0,0.0,-0.0,0.0,-0.0,-0.42,0.42,-10.82,10.82,10.58,-10.58,0.0,-0.0,0.0,-0.0,0.0,-0.0,-0.24,0.24,-6.08,6.08,5.93,-5.93,0.0,-0.0,0.0,-0.0,0.0,-0.0,0.2,-0.2,9.44,-9.44,-16.85,16.85,0.0,-0.0,0.0,-0.0,0.0,-0.0,3.9,-3.9,-2.4,2.4,-4.19,4.19,0.0,-0.0,0.0,-0.0,0.0,-0.0,2.45,-2.45,-10.21,10.21,-1.8,1.8,0.0,-0.0,-0.0,1.8,1368.0,0.001
ED2,200197,wall,M-20,H35,piso2,1,X,MURO-2-piso2,200311,200312,7.5,0.0,0.0,0.0,0.0,-0.0,-0.0,0.0,-0.3,0.3,-19.06,19.06,-13.71,13.71,-0.0,0.0,0.0,-0.0,0.0,-0.0,-0.17,0.17,-10.73,10.73,-7.71,7.71,0.0,-0.0,0.0,-0.0,0.0,-0.0,-0.13,0.13,71.05,-71.05,18.69,-18.69,0.0,-0.0,0.0,-0.0,0.0,-0.0,0.25,-0.25,3.33,-3.33,-1.88,1.88,0.0,-0.0,0.0,-0.0,0.0,-0.0,-0.39,0.39,36.65,-36.65,-6.0,6.0,0.0,-0.0,-0.0,6.0,1368.0,0.004
ED2,200198,wall,M-20,H35,piso2,1,X,MURO-2-piso2,200312,200313,10.0,0.0,0.0,0.0,0.0,-0.0,0.0,-0.0,-0.01,0.01,17.44,-17.44,-35.02,35.02,0.0,-0.0,0.0,-0.0,0.0,-0.0,-0.0,0.0,9.77,-9.77,-19.71,19.71,0.0,-0.0,0.0,-0.0,0.0,-0.0,0.01,-0.01,54.74,-54.74,45.66,-45.66,0.0,-0.0,0.0,-0.0,-0.0,0.0,-0.32,0.32,1.34,-1.34,-1.78,1.78,-0.0,0.0,0.0,-0.0,-0.0,0.0,-0.24,0.24,77.48,-77.48,-14.97,14.97,-0.0,0.0,-0.0,14.97,1368.0,0.011
ED2,200199,wall,M-20,H35,piso2,1,X,MURO-2-piso2,200313,200314,7.58,0.0,0.0,0.0,0.0,-0.0,-0.0,0.0,0.5,-0.5,20.86,-20.86,-27.73,27.73,-0.0,0.0,0.0,-0.0,-0.0,0.0,0.28,-0.28,11.79,-11.79,-15.53,15.53,-0.0,0.0,0.0,-0.0,-0.0,0.0,-0.06,0.06,34.25,-34.25,39.01,-39.01,-0.0,0.0,0.0,-0.0,0.0,-0.0,-1.4,1.4,2.49,-2.49,4.47,-4.47,0.0,-0.0,0.0,-0.0,0.0,-0.0,-0.33,0.33,65.34,-65.34,-4.79,4.79,0.0,-0.0,-0.0,4.79,1368.0,0.004
ED2,200200,wall,M-20,H35,piso2,1,X,MURO-2-piso2,200314,200315,2.42,0.0,0.0,0.0,0.0,-0.0,-0.0,0.0,0.57,-0.57,13.42,-13.42,13.25,-13.25,-0.0,0.0,0.0,-0.0,-0.0,0.0,0.32,-0.32,7.52,-7.52,7.42,-7.42,-0.0,0.0,0.0,-0.0,0.0,-0.0,0.09,-0.09,-19.22,19.22,21.77,-21.77,0.0,-0.0,0.0,-0.0,-0.0,0.0,2.44,-2.44,-1.43,1.43,-0.37,0.37,-0.0,0.0,0.0,-0.0,-0.0,0.0,2.8,-2.8,2.57,-2.57,39.98,-39.98,-0.0,0.0,-0.0,39.98,1368.0,0.029
ED2,200201,wall,M-20,H35,piso3,2,X,MURO-2-piso3,200410,200411,3.75,0.0,0.0,0.0,0.0,-0.0,-0.0,0.0,-0.42,0.42,-10.59,10.59,10.71,-10.71,-0.0,0.0,0.0,-0.0,-0.0,0.0,-0.23,0.23,-5.89,5.89,6.06,-6.06,-0.0,0.0,0.0,-0.0,0.0,-0.0,0.12,-0.12,5.67,-5.67,-10.25,10.25,0.0,-0.0,0.0,-0.0,-0.0,0.0,2.6,-2.6,-1.6,1.6,-2.8,2.8,-0.0,0.0,0.0,-0.0,-0.0,0.0,1.4,-1.4,-12.58,12.58,5.45,-5.45,-0.0,0.0,-0.0,5.45,1368.0,0.004
ED2,200202,wall,M-20,H35,piso3,2,X,MURO-2-piso3,200411,200412,7.5,0.0,0.0,0.0,0.0,-0.0,0.0,-0.0,-0.29,0.29,-18.81,18.81,-13.4,13.4,0.0,-0.0,0.0,-0.0,-0.0,0.0,-0.16,0.16,-10.57,10.57,-7.46,7.46,-0.0,0.0,0.0,-0.0,0.0,-0.0,-0.07,0.07,43.05,-43.05,10.16,-10.16,0.0,-0.0,0.0,-0.0,0.0,-0.0,0.16,-0.16,2.22,-2.22,-1.22,1.22,0.0,-0.0,0.0,-0.0,0.0,-0.0,-0.41,0.41,11.03,-11.03,-12.64,12.64,0.0,-0.0,-0.0,12.64,1368.0,0.009
ED2,200203,wall,M-20,H35,piso3,2,X,MURO-2-piso3,200412,200413,10.0,0.0,0.0,0.0,0.0,-0.0,0.0,-0.0,-0.01,0.01,16.85,-16.85,-35.0,35.0,0.0,-0.0,0.0,-0.0,-0.0,0.0,-0.0,0.0,9.22,-9.22,-19.65,19.65,-0.0,0.0,0.0,-0.0,0.0,-0.0,0.0,-0.0,36.06,-36.06,29.67,-29.67,0.0,-0.0,0.0,-0.0,-0.0,0.0,-0.21,0.21,0.83,-0.83,-1.23,1.23,-0.0,0.0,0.0,-0.0,-0.0,0.0,-0.17,0.17,59.15,-59.15,-28.87,28.87,-0.0,0.0,-0.0,28.87,1368.0,0.021
ED2,200204,wall,M-20,H35,piso3,2,X,MURO-2-piso3,200413,200414,7.58,0.0,0.0,0.0,0.0,-0.0,-0.0,0.0,0.5,-0.5,20.32,-20.32,-27.8,27.8,-0.0,0.0,0.0,-0.0,0.0,-0.0,0.28,-0.28,11.17,-11.17,-15.67,15.67,0.0,-0.0,0.0,-0.0,0.0,-0.0,-0.03,0.03,20.65,-20.65,23.91,-23.91,0.0,-0.0,0.0,-0.0,-0.0,0.0,-0.94,0.94,1.67,-1.67,2.98,-2.98,-0.0,0.0,0.0,-0.0,-0.0,0.0,0.04,-0.04,51.32,-51.32,-19.72,19.72,-0.0,0.0,-0.0,19.72,1368.0,0.014
ED2,200205,wall,M-20,H35,piso3,2,X,MURO-2-piso3,200414,200415,2.42,0.0,0.0,0.0,0.0,-0.0,-0.0,0.0,0.57,-0.57,13.32,-13.32,13.35,-13.35,-0.0,0.0,0.0,-0.0,-0.0,0.0,0.32,-0.32,7.46,-7.46,7.47,-7.47,-0.0,0.0,0.0,-0.0,0.0,-0.0,0.06,-0.06,-11.8,11.8,13.35,-13.35,0.0,-0.0,0.0,-0.0,0.0,-0.0,1.62,-1.62,-0.95,0.95,-0.25,0.25,0.0,-0.0,0.0,-0.0,0.0,-0.0,2.16,-2.16,9.45,-9.45,32.65,-32.65,0.0,-0.0,-0.0,32.65,1368.0,0.024
ED2,200206,wall,M-20,H35,piso4,2,X,MURO-2-piso4,200510,200511,3.75,0.0,0.0,0.0,0.0,-0.0,-0.0,0.0,-0.34,0.34,-9.64,9.64,8.34,-8.34,-0.0,0.0,0.0,-0.0,-0.0,0.0,-0.24,0.24,-6.71,6.71,5.7,-5.7,-0.0,0.0,0.0,-0.0,-0.0,0.0,0.06,-0.06,2.74,-2.74,-5.13,5.13,-0.0,0.0,0.0,-0.0,-0.0,0.0,1.57,-1.57,-0.97,0.97,-1.64,1.64,-0.0,0.0,0.0,-0.0,-0.0,0.0,0.64,-0.64,-14.61,14.61,8.2,-8.2,-0.0,0.0,-0.0,8.2,1368.0,0.006
ED2,200207,wall,M-20,H35,piso4,2,X,MURO-2-piso4,200511,200512,7.5,0.0,0.0,0.0,0.0,-0.0,0.0,-0.0,-0.24,0.24,-17.19,17.19,-11.86,11.86,0.0,-0.0,0.0,-0.0,0.0,-0.0,-0.17,0.17,-11.81,11.81,-8.26,8.26,0.0,-0.0,0.0,-0.0,0.0,-0.0,-0.03,0.03,21.28,-21.28,2.15,-2.15,0.0,-0.0,0.0,-0.0,0.0,-0.0,0.14,-0.14,1.23,-1.23,-0.89,0.89,0.0,-0.0,0.0,-0.0,0.0,-0.0,-0.34,0.34,-8.93,8.93,-18.85,18.85,0.0,-0.0,-0.0,18.85,1368.0,0.014
ED2,200208,wall,M-20,H35,piso4,2,X,MURO-2-piso4,200512,200513,10.0,0.0,0.0,0.0,0.0,-0.0,0.0,-0.0,-0.01,0.01,15.25,-15.25,-30.52,30.52,0.0,-0.0,0.0,-0.0,0.0,-0.0,-0.0,0.0,10.82,-10.82,-20.94,20.94,0.0,-0.0,0.0,-0.0,0.0,-0.0,-0.0,0.0,19.64,-19.64,15.15,-15.15,0.0,-0.0,0.0,-0.0,0.0,-0.0,-0.14,0.14,0.69,-0.69,-0.76,0.76,0.0,-0.0,0.0,-0.0,0.0,-0.0,-0.12,0.12,44.26,-44.26,-38.39,38.39,0.0,-0.0,-0.0,38.39,1368.0,0.028
ED2,200209,wall,M-20,H35,piso4,2,X,MURO-2-piso4,200513,200514,7.58,0.0,0.0,0.0,0.0,-0.0,-0.0,0.0,0.42,-0.42,20.32,-20.32,-22.41,22.41,-0.0,0.0,0.0,-0.0,-0.0,0.0,0.29,-0.29,14.18,-14.18,-15.4,15.4,-0.0,0.0,0.0,-0.0,-0.0,0.0,-0.02,0.02,9.06,-9.06,13.17,-13.17,-0.0,0.0,0.0,-0.0,0.0,-0.0,-0.62,0.62,1.11,-1.11,1.82,-1.82,0.0,-0.0,0.0,-0.0,0.0,-0.0,0.23,-0.23,43.49,-43.49,-24.59,24.59,0.0,-0.0,-0.0,24.59,1368.0,0.018
ED2,200210,wall,M-20,H35,piso4,2,X,MURO-2-piso4,200514,200515,2.42,0.0,0.0,0.0,0.0,-0.0,-0.0,0.0,0.47,-0.47,11.26,-11.26,10.45,-10.45,-0.0,0.0,0.0,-0.0,0.0,-0.0,0.33,-0.33,7.79,-7.79,7.24,-7.24,0.0,-0.0,0.0,-0.0,0.0,-0.0,0.03,-0.03,-6.22,6.22,6.88,-6.88,0.0,-0.0,0.0,-0.0,-0.0,0.0,0.88,-0.88,-0.56,0.56,-0.12,0.12,-0.0,0.0,0.0,-0.0,-0.0,0.0,1.49,-1.49,13.02,-13.02,23.79,-23.79,-0.0,0.0,-0.0,23.79,1368.0,0.017
